year_m,ff4_hf,us_cpi,us_ip,exp_cpi_12m,gs1,gs10,ebpnew,CPI_raw,us_cpi_inf,us_cpi_annualized,cpi_inf_annualized,ffr,c,unemp,ppi_inf,ppi_inf_annualizes,MP_shock,GK_inst,food,housing,apparel,transport,medical,recreation,educ_comm,core_cpi
01/01/1990,0,484.81165,61.644,4.7766666,7.9200001,8.21,0.2929,127.5000173,0.94565,140.0770655,10.90821033,8.23,47.94,5.4,1.681415929,22.15156133,0,0,129.4,126.1,119.9,117,156,,,132.1
01/02/1990,-0.02,485.20303,62.2108,4.2336421,8.1099997,8.4700003,0.42629999,128.0000046,0.39138,133.09781,4.390425043,8.24,47.698,5.3,-0.43516101,-5.098746414,-0.000904511,-0.015,130.5,126.2,122,117.2,157.1,,,132.7
01/03/1990,-0.02,485.67068,62.5068,4.3737841,8.3500004,8.5900002,0.45930001,128.5999985,0.46765,134.7406596,5.266136486,8.28,47.859,5.2,-0.174825175,-2.077847054,-0.000567742,-0.0075806,130.7,126.8,123.8,117.3,158.3,,,133.5
01/04/1990,0,485.90369,62.3597,4.4858141,8.3999996,8.79,0.078199998,128.8999987,0.23301,131.9348295,2.59318123,8.26,47.95,5.4,-0.087565674,-1.04574212,0,-0.0174194,130.6,127.1,124.1,117.7,159.6,,,134
01/05/1990,0,486.05872,62.5474,4.6016026,8.3199997,8.7600002,0.096000001,129.0999874,0.15503,131.1152877,1.718610536,8.18,47.916,5.4,0.438212095,5.387154508,-0.002014064,0,130.9,127.3,124,117.5,160.8,,,134.4
01/06/1990,0,486.67648,62.7541,4.5264492,8.1000004,8.4799995,0.2115,129.8999839,0.61776,138.1488553,7.009193502,8.29,48.068,5.2,-0.261780105,-3.096524587,0,0,131.8,128.1,124.2,118,162,,,135.1
01/07/1990,-0.1,487.13733,62.6497,4.4923077,7.9400001,8.4700003,0.17299999,130.5000096,0.46085,136.6389229,5.187790443,8.15,48.166,5.5,0.174978128,2.120063308,-0.051017404,-0.0664516,132.5,128.7,124.2,118.5,163.4,,,135.8
01/08/1990,0,487.97672,62.8761,4.5213766,7.7800002,8.75,-0.1038,131.6000238,0.83939,143.068114,9.630730653,8.13,48.181,5.7,1.746724891,23.09637512,-0.015929114,-0.0335484,132.9,129.7,124.5,120.7,164.8,,,136.6
01/09/1990,0,488.65826,62.896,4.9386668,7.7600002,8.8900003,0.092399999,132.499994,0.68154,141.8091702,7.757708565,8.2,48.158,5.9,1.630901288,21.42533891,0,0,133.3,130.2,125.4,123.2,165.9,,,137.1
01/10/1990,-0.029990001,489.33521,62.506,5.1972828,7.5500002,8.7200003,0.31510001,133.3999955,0.67695,142.7073726,7.703682309,8.11,47.889,5.9,2.027027027,27.22802419,0.020021871,-0.011281,133.8,130.6,125.4,125.6,167.3,,,137.6
01/11/1990,0.01,489.55984,61.7271,5.0743055,7.3099999,8.3900003,0.40380001,133.6999888,0.22463,136.7334882,2.498870113,7.81,47.845,6.2,-0.579470199,-6.736249228,0.005513614,-0.0130424,134.2,130.8,125.4,126.1,168.7,,,138
01/12/1990,-0.19,489.93314,61.2939,5.0605073,7.0500002,8.0799999,0.389,134.2000235,0.3733,139.2937407,4.183808869,7.31,47.67,6.3,-1.165695254,-13.12545588,-0.14156307,-0.0956667,134.3,131,126.2,126.9,169.8,,,138.6
01/01/1991,-0.1,490.30502,61.0931,4.6354165,6.6399999,8.0900002,0.42539999,134.7000157,0.37188,139.7929397,4.167597028,6.91,47.241,6.4,0.252737995,3.075371622,-0.078280948,-0.1674193,135.2,132,126.9,125.5,171,,,139.5
01/02/1991,-0.20999999,490.37921,60.6522,4.4035277,6.27,7.8499999,0.35339999,134.7999867,0.07419,135.8033759,0.819124034,6.25,47.533,6.6,-1.512605042,-16.71480566,-0.082979023,-0.2304378,135.7,132.4,127.3,123.9,172.1,,,140.2
01/03/1991,-0.059999999,490.37921,60.3069,4.3650298,6.4000001,8.1099997,0.28009999,134.7999867,0,134.7999867,0,6.12,48.092,6.8,-0.853242321,-9.771820166,-0.059312541,-0.0363364,135.9,132.6,127,122.7,173.2,,,140.5
01/04/1991,-0.19,490.60153,60.4658,4.2785954,6.2399998,8.04,0.2264,135.1000074,0.22232,138.1334374,2.472886518,5.91,47.933,6.7,-0.17211704,-2.045964195,-0.14641757,-0.0321398,136.6,132.7,127.5,122.5,174.3,,,140.9
01/05/1991,-0.02,490.97095,61.0671,4.2417269,6.1300001,8.0699997,0.22130001,135.6000169,0.36942,140.6924954,4.139517153,5.78,48.055,6.9,0.431034483,5.296814685,0.003076131,-0.1946344,137.1,133.1,128,123.2,175.2,,,141.3
01/06/1991,0,491.2655,61.5611,4.1583171,6.3600001,8.2799997,0.1208,136.0000155,0.29455,140.0588058,3.288191989,5.9,48.063,6.9,-0.08583691,-1.025193942,0,-0.0090322,137.8,133.2,127.9,123.4,176.4,,,141.8
01/07/1991,0.01,491.41245,61.723,4.0942688,6.3099999,8.2700005,0.2402,136.2000145,0.14695,138.2146117,1.62837938,5.82,48.297,6.8,-0.257731959,-3.049316968,0.006600335,0.0087097,137.2,133.6,128.7,123.3,177.4,,,142.3
01/08/1991,-0.079999998,491.70569,61.736,3.9743056,5.7800002,7.9000001,0.15880001,136.5999936,0.29324,140.6583215,3.273352842,5.66,48.224,6.9,0.086132644,1.038502246,-0.073642507,-0.0803226,136.8,133.8,129.9,124,178.8,,,142.9
01/09/1991,0,491.99808,62.2464,3.8877194,5.5700002,7.6500001,0.17290001,136.9999828,0.29239,141.0582423,3.263725424,5.45,48.247,6.9,-0.08605852,-1.027828227,0.00253641,0.0016129,137,134.3,130,124.1,179.9,,,143.4
01/10/1991,-0.039999999,492.14398,62.1825,3.7490001,5.3299999,7.5300002,0.1769,137.2000116,0.1459,139.2148055,1.61665914,5.21,48.053,7,0.258397933,3.145224842,-0.018872343,-0.0025806,136.9,134.7,130.1,123.9,180.9,,,143.7
01/11/1991,-0.12,492.58032,62.0983,3.539855,4.8899999,7.4200001,0.2033,137.7999781,0.43634,143.9308229,4.905838716,4.81,48.28,7,0,0,-0.059999999,-0.1374193,137.4,135.2,131,124.5,181.9,,,144.2
01/12/1991,-0.25,492.87018,61.8108,3.4152777,4.3800001,7.0900002,0.2154,138.1999846,0.28986,142.2579101,3.235074526,4.43,48.363,7.3,-0.429553265,-5.034585581,-0.12600867,-0.1206452,137.6,135.6,130.7,125.1,183.1,,,144.7
01/01/1992,0,492.94254,61.4898,3.3,4.1500001,7.0300002,0.085900001,138.3000223,0.07236,139.3039897,0.798846044,4.03,49.068,7.3,-0.258843831,-3.062285209,0,-0.1493548,137.3,135.9,130.9,124.6,184.3,,,145.1
01/02/1992,0,493.15921,61.9299,3.2384176,4.29,7.3400002,0.1338,138.6000018,0.21667,141.6321661,2.409358803,4.06,49.123,7.4,0.346020761,4.232189755,-0.001977494,0,137.8,136.1,131,124.5,185.6,,,145.4
01/03/1992,0,493.51932,62.449,3.2344246,4.6300001,7.54,0.076800004,139.1000141,0.36011,144.1901691,4.033309674,3.98,49.213,7.4,0.086206897,1.039401756,0,0,138.3,136.4,131.3,125,186.8,,,145.9
01/04/1992,-0.2,493.73474,62.9312,3.2320001,4.3000002,7.48,0.073700003,139.3999863,0.21542,142.431889,2.395308836,3.73,49.254,7.4,0.172265289,2.086882082,-0.13654406,-0.1493334,138.2,136.7,130.7,125.6,187.9,,,146.3
01/05/1992,0.00999,493.94974,63.1359,3.2858551,4.1900001,7.3899999,0.0232,139.7000187,0.215,142.7324663,2.39058844,3.82,49.509,7.6,0.773860705,9.69195162,0.008663434,-0.0467997,138.1,136.9,131.6,125.9,188.7,,,146.8
01/06/1992,0,494.23566,63.1736,3.3369401,4.1700001,7.2600002,0.0142,140.1000205,0.28592,144.1571066,3.190470521,3.76,49.643,7.8,0.682593857,8.505748578,0,0.0061229,138.4,137.4,132.1,126.4,189.6,,,147.1
01/07/1992,-0.30000001,494.52075,63.7408,3.3413043,3.5999999,6.8400002,-0.0603,140.5000016,0.28509,144.5567093,3.181076481,3.25,49.808,7.7,-0.084745763,-1.0122225,-0.1530402,-0.2903225,138.3,137.7,132.7,126.9,190.6,,,147.6
01/08/1992,0.01,494.73404,63.3917,3.2916667,3.47,6.5900002,0.1166,140.7999938,0.21329,143.8317789,2.37137173,3.3,49.932,7.6,-0.169635284,-2.016738147,0.003571598,-0.0054839,139.1,137.9,132.3,127,191.5,,,147.9
01/09/1992,0.01,494.9469,63.5927,3.2430556,3.1800001,6.4200001,0.22310001,141.1000199,0.21286,144.132082,2.366539973,3.22,50.257,7.6,0.254885302,3.101867917,0.005130996,0.0148064,139.7,138.1,132.2,127,192.4,,,148.1
01/10/1992,0.01,495.37122,64.0282,3.1900001,3.3,6.5900002,0.1418,141.7000076,0.42432,147.8274113,4.767817428,3.1,50.426,7.3,0.084745763,1.021702585,0.014895111,0.0090646,139.7,138.6,132.5,128.1,193.5,,,148.8
01/11/1992,0,495.65311,64.2732,3.0942307,3.6800001,6.8699999,0.1046,142.1000092,0.28189,146.1562826,3.144865769,3.09,50.512,7.4,-0.254022015,-3.006034798,-0.015198812,0.0019355,139.6,139,132.7,128.7,194.5,,,149.2
01/12/1992,-0.01,495.79376,64.3668,3.1023333,3.71,6.77,0.1479,142.3000135,0.14065,144.3140359,1.558076371,2.92,50.845,7.4,-0.169779287,-2.018434194,0.00057388,-0.0029032,139.6,139.2,132.8,128.9,195.3,,,149.6
01/01/1993,0,496.1445,64.6256,3.0777779,3.5,6.5999999,0.114,142.7999929,0.35074,147.8874479,3.926517154,3.02,50.772,7.3,0.340136054,4.158862115,0,-0.0070968,140,139.6,132.8,129.2,196.4,89.7,84.1,150.1
01/02/1993,-0.02,496.35437,64.929,3.0674243,3.3900001,6.2600002,0.083700001,143.1000019,0.20987,146.1314427,2.332948144,3.03,50.866,7.1,0.338983051,4.14450041,-0.006591375,-0.0178571,140.4,139.6,134,129.6,197.4,90,84.3,150.6
01/03/1993,0,496.49402,64.872,3.0598974,3.3299999,5.98,0.066399999,143.2999807,0.13965,145.3136462,1.54692123,3.07,50.728,7,0.253378378,3.083272862,0.005089195,-0.0021429,140.4,140,134,129.4,198.1,90.4,84.6,150.8
01/04/1993,0,496.84235,65.0611,3.220911,3.24,5.9699998,0.079400003,143.8000079,0.34833,148.8873413,3.899065825,2.96,51.07,7.1,0.50547599,6.237219748,0,0,140.8,140.6,134,129.6,199.1,90.7,84.8,151.4
01/05/1993,-0.02,497.12012,64.8104,3.1945,3.3599999,6.04,0.0528,144.1999964,0.27777,148.2553081,3.09826149,3,51.248,7.1,0.335289187,4.098502208,-0.018709596,-0.0083871,141.7,140.8,133.5,129.9,200.5,90.3,85.2,151.8
01/06/1993,0,497.18945,64.9553,3.288347,3.54,5.96,-0.038899999,144.3000049,0.06933,145.3035289,0.765279163,3.04,51.434,7,-0.167084378,-1.986689421,0,-0.0116129,141.4,141.2,133,129.9,201.3,90.6,85.4,152.1
01/07/1993,0,497.32794,65.1198,3.2650001,3.47,5.8099999,-0.043299999,144.4999845,0.13849,146.513542,1.533982662,3.06,51.687,6.9,-0.251046025,-2.971302515,-0.015828684,0,141.4,141.3,132.8,130.1,202.2,90.6,85.6,152.3
01/08/1993,0.01,497.53534,65.0494,3.2573576,3.4400001,5.6799998,-0.054200001,144.7999884,0.2074,147.8310067,2.305205931,3.03,51.739,6.8,-0.419463087,-4.919038992,0.011450462,0.0045161,141.9,141.7,134,130.5,202.8,90.9,86,152.8
01/09/1993,0.01,497.67337,65.3882,3.2150724,3.3599999,5.3600001,0.039799999,144.9999938,0.13803,147.0137663,1.528852266,3.09,52.036,6.7,0,0,0.005,0.0084839,142.1,142,133.7,130.4,203.6,91.3,86.3,152.9
01/10/1993,0,498.0863,65.8702,3.0613637,3.3900001,5.3299999,-0.0253,145.5999802,0.41293,151.7239083,4.637182553,2.99,52.117,6.8,0.336983993,4.119604637,0,0.007,142.7,142.3,133.8,132,204.5,91.7,86.5,153.4
01/11/1993,0,498.36066,66.1779,3,3.5799999,5.7199998,-0.111,145.9999968,0.27436,150.0549072,3.05970301,3.02,52.263,6.6,-0.083963056,-1.002916808,-0.002226386,0,143,142.6,134.4,132.2,205.1,91.9,86.8,153.9
01/12/1993,-0.01,498.56592,66.5602,2.9252603,3.6099999,5.77,-0.1353,146.2999842,0.20526,149.3305133,2.281175696,2.96,52.447,6.5,-0.336134454,-3.959871685,-0.006056156,-0.0032258,143.5,143,134.1,132.1,205.8,92,87.2,154.3
01/01/1994,0,498.56592,66.7722,2.8499999,3.54,5.75,-0.2128,146.2999842,0,146.2999842,0,3.05,52.59,6.6,0.42158516,5.177990597,0,-0.0067742,143.6,143.2,133.3,131.7,206.4,92.3,87.3,154.5
01/02/1994,0,498.83896,66.8068,2.8620782,3.8699999,5.9699998,-0.40419999,146.6999875,0.27304,150.7544978,3.044780667,3.25,53.012,6.6,0.167926113,2.033829381,0.036016259,0,143.4,143.7,133.2,132.3,207.2,92.5,87.9,154.8
01/03/1994,0,499.11127,67.4832,2.9255555,4.3200002,6.48,-0.29319999,147.1000106,0.27231,151.1545752,3.036529003,3.34,53.019,6.5,0.335289187,4.098502208,-0.016420349,0,143.4,144.1,133.8,132.6,207.9,92.7,88.1,155.3
01/04/1994,0.12,499.17923,67.8771,2.8858333,4.8200002,6.9699998,-0.2538,147.2000138,0.06796,148.2034158,0.750105395,3.56,53.243,6.4,0,0,0.09705659,0.052,143.7,144,133.5,132.8,209,92.7,88.3,155.5
01/05/1994,0.050000001,499.38281,68.1961,2.9677777,5.3099999,7.1799998,-0.25569999,147.4999888,0.20358,150.530141,2.262314434,4.01,53.147,6.1,0.167084378,2.023540883,-0.004560886,0.0921935,144,144.4,134,132.4,209.7,92.8,88.6,155.9
01/06/1994,0,499.65363,68.6526,2.9432795,5.27,7.0999999,-0.30399999,147.8999897,0.27082,151.9540289,3.019688429,4.25,53.465,6.1,0.500417014,6.173067692,0,0.0258064,144.4,144.6,134.8,133.2,210.5,92.7,88.9,156.4
01/07/1994,0,499.99112,68.7353,2.9758065,5.48,7.3000002,-0.27399999,148.3999806,0.33749,153.4842101,3.775673286,4.26,53.43,6.1,0.165975104,2.009983716,0.010016282,0,145.2,144.8,134.2,134.4,211.3,92.8,89.1,156.7
01/08/1994,0,500.39462,69.1954,3.0358334,5.5599999,7.2399998,-0.23370001,148.9999842,0.4035,155.1212227,4.529139498,4.47,53.782,6,0.414250207,5.085839201,-0.013927059,0,145.6,145.3,133.2,136,212.2,92.7,89.3,157.1
01/09/1994,-0.029999999,500.59576,69.4017,3.1225805,5.7600002,7.46,-0.3651,149.2999844,0.20114,152.3300241,2.234926327,4.73,53.862,5.9,-0.165016502,-1.962324416,-0.004355483,-0.0039999,145.8,145.5,133.6,136.1,213.1,92.9,89.4,157.5
01/10/1994,0,500.66272,69.969,3.1948276,6.1100001,7.7399998,-0.27129999,149.3999891,0.06696,150.4033575,0.739030963,4.76,54.197,5.8,-0.082644628,-0.987240044,0,-0.026,145.8,145.7,133,136.2,214.1,93,89.6,157.8
01/11/1994,0.079999998,500.93011,70.4367,3.3148808,6.54,7.96,-0.22229999,149.8000043,0.26739,153.8534993,2.980930712,5.29,54.237,5.6,0.496277916,6.120606863,0.070051573,0.0426667,146.2,146,132.5,136.7,215,93.4,89.8,158.2
01/12/1994,-0.050000001,501.13019,71.1413,3.2789063,7.1399999,7.8099999,-0.16590001,150.1000242,0.20008,153.1301038,2.223030292,5.45,54.381,5.5,0.329218107,4.022941948,-0.027505299,0.0179784,147.2,146,132.1,137.1,215.9,93.2,90.1,158.3
01/01/1995,0,501.3963,71.2762,3.3066666,7.0500002,7.7800002,-0.2102,150.4999873,0.26611,154.5526973,2.966470587,5.53,54.379,5.6,0.820344545,10.30066409,0,-0.0306451,147.2,146.6,132.2,137.4,216.6,93.7,91.1,159
01/02/1995,0,501.66174,71.1904,3.1547959,6.6999998,7.4699998,-0.25139999,150.9000052,0.26544,154.953135,2.958902352,5.92,54.278,5.4,0.48820179,6.01831476,0.011440318,0,147.7,146.9,131.9,137.9,217.4,93.9,91.2,159.4
01/03/1995,0.02,501.86035,71.2891,3.1853037,6.4299998,7.1999998,-0.25569999,151.2000055,0.19861,154.2296667,2.206535044,5.98,54.564,5.4,0.32388664,3.956628322,0.017809,0.0025806,147.5,147.2,132.2,138.4,218.1,94,91.3,159.9
01/04/1995,0,502.25638,71.1623,3.236752,6.27,7.0599999,-0.2068,151.7999901,0.39603,157.9187666,4.4436249,6.05,54.475,5.8,0.564971751,6.994346713,0,0.0174193,148.5,147.6,131.9,139.2,218.6,94.4,91.6,160.4
01/05/1995,0,502.45383,71.5044,3.2285714,6,6.6300001,-0.30329999,152.1000153,0.19745,155.1297534,2.193520094,6.01,54.869,5.6,0.240770465,2.927814797,0.000934984,0,148.7,147.9,131.6,139.7,219.2,94.6,91.7,160.7
01/06/1995,0,502.65088,71.743,3.2444444,5.6399999,6.1700001,-0.1151,152.4000239,0.19705,155.4295341,2.18903253,6,55.308,5.6,0.320256205,3.911494587,0,0,148.8,148.2,131.3,140.6,219.9,94.3,92.1,161.1
01/07/1995,-0.15000001,502.78201,71.4459,3.2451613,5.5900002,6.2800002,-0.28569999,152.5999971,0.13113,154.6127573,1.451924594,5.85,55.158,5.7,0,0,-0.091959074,-0.1258065,149,148.6,131.4,139.9,220.6,94.4,92.3,161.4
01/08/1995,0,502.97842,72.38,3.1975,5.75,6.4899998,-0.1794,152.9000133,0.19641,155.9295044,2.1818528,5.74,55.428,5.7,-0.159616919,-1.898676988,0.009278338,-0.0241935,149.1,149,132.5,139.4,221.6,94.7,92.5,161.8
01/09/1995,0.029999999,503.10913,72.6601,3.135484,5.6199999,6.1999998,-0.149,153.0999996,0.13071,155.1128492,1.447243751,5.8,55.558,5.6,0.079936051,0.963461121,0.024550155,0.005,149.6,149.2,132.3,139.1,222.4,95.1,92.9,162.2
01/10/1995,0,503.37006,72.5428,2.9870369,5.5900002,6.04,-0.1109,153.5000051,0.26093,157.5521034,2.907971118,5.76,55.342,5.5,0.079872204,0.9626882,0,0.025,150,149.8,132.4,139.5,223,95.3,93.1,162.7
01/11/1995,0,503.50027,72.7178,2.8677778,5.4299998,5.9299998,-0.0274,153.7000076,0.13021,155.712971,1.441671576,5.8,55.803,5.6,0.07980846,0.961916517,0.003334394,0,150,150,132,139.1,223.7,95.7,93.3,163
01/12/1995,-0.050000001,503.63031,72.9672,2.9070513,5.3099999,5.71,-0.031500001,153.9000091,0.13004,155.9129451,1.439777099,5.6,56.158,5.6,0.23923445,2.908890112,-0.039410107,-0.0209677,150.3,150.3,132.2,139.1,224.3,95.8,93.7,163.1
01/01/1996,-0.02,504.14877,72.5866,2.7846153,5.0900002,5.6500001,-0.080399998,154.6999911,0.51846,162.9081213,5.853223923,5.56,55.905,5.6,0.477326969,5.880717207,-0.012765653,-0.0296774,150.8,150.9,132.7,140.4,225.2,96.2,93.9,163.7
01/02/1996,0,504.3425,73.6389,2.7418334,4.9400001,5.8099999,-0.30689999,154.9999819,0.19373,158.0288141,2.151792659,5.22,56.334,5.5,-0.079176564,-0.945992173,0,-0.0193548,151.2,151.2,132.2,140.9,225.7,96.9,94.2,164
01/03/1996,0.00999,504.66458,73.5202,2.7177179,5.3400002,6.27,-0.3186,155.5000106,0.32208,160.5807398,3.600489391,5.31,56.607,5.5,0.158478605,1.918407353,-0.006595417,0.0019336,151.9,151.6,132.6,141.5,226.2,97,94.6,164.4
01/04/1996,0,505.04968,74.2664,2.8254464,5.54,6.5100002,-0.26949999,156.0999957,0.3851,162.2154586,4.318615736,5.22,56.816,5.6,0.791139241,9.917855989,0,0.0080564,152.5,151.9,131.8,142.9,226.8,97.2,94.3,164.6
01/05/1996,0,505.24167,74.8145,2.9551282,5.6399999,6.7399998,-0.29640001,156.39998,0.19199,159.4284852,2.132280305,5.24,56.89,5.6,0.549450549,6.796352697,0.011730692,0,152.4,152.3,131.8,143.5,227.4,97.3,95,165
01/06/1996,0,505.43332,75.3779,2.925,5.8099999,6.9099998,-0.25580001,156.7000079,0.19165,159.7289034,2.128467941,5.27,56.956,5.3,-0.078064012,-0.932756564,0,0,153.3,152.4,131.6,143.4,228,97.4,95.3,165.4
01/07/1996,-0.029999999,505.62457,75.3754,2.9611111,5.8499999,6.8699999,-0.30219999,156.9999835,0.19125,160.0282894,2.123982974,5.4,57.077,5.5,0,0,-0.022565566,-0.0280645,153.8,153,131.3,143,228.6,97.6,95.6,165.7
01/08/1996,0,505.75189,75.7568,2.9885802,5.6700001,6.6399999,-0.3691,157.2000031,0.12732,159.2128509,1.409469852,5.22,57.273,5.1,0.234375,2.849039623,0.007860307,-0.0019355,154.3,153.4,130.6,143,229.1,97.7,95.8,166
01/09/1996,-0.13,506.06946,76.2304,3.0416667,5.8299999,6.8299999,-0.3691,157.7000167,0.31757,162.7794552,3.549269707,5.3,57.346,5.2,-0.077942323,-0.931308767,-0.065396808,-0.0303333,155,153.7,131.3,143.6,229.7,98,96.1,166.5
01/10/1996,0,506.38602,76.2193,3.0035715,5.5500002,6.5300002,-0.3114,158.2000229,0.31656,163.2791317,3.537802379,5.24,57.516,5.2,-0.15600624,-1.856095077,0,-0.0996667,155.9,154,131.3,143.9,230.3,98.2,96.4,166.8
01/11/1996,-0.01,506.70157,76.8941,2.9895833,5.4200001,6.1999998,-0.27270001,158.7000115,0.31555,163.7786876,3.526336206,5.31,57.659,5.4,0.15625,1.8911975,-0.019061876,-0.006,156.4,154.4,131.6,144.6,231,98.6,96.6,167.2
01/12/1996,-0.01,506.95331,77.3731,2.9262345,5.4699998,6.3000002,-0.38,159.1000262,0.25174,163.150372,2.804259728,5.29,57.888,5.4,0.702028081,8.757347008,-0.000857797,-0.0088387,156.6,154.7,131.9,145.7,231.2,98.7,96.9,167.4
01/01/1997,0,507.14166,77.5138,2.944,5.6100001,6.5799999,-0.28929999,159.3999735,0.18835,162.4275592,2.091472314,5.25,58.162,5.3,0.464756003,5.72186258,0,-0.0051613,156.3,155.3,132.3,145.6,231.8,98.9,97.2,167.8
01/02/1997,0,507.32971,78.4246,2.9441895,5.5300002,6.4200001,-0.4278,159.7000072,0.18805,162.7284198,2.08810968,5.19,58.285,5.2,-0.925212028,-10.55463946,0.018343262,0,156.9,155.7,133,145.2,232.2,99.3,97.4,168.1
01/03/1997,0.039999999,507.3923,78.9266,2.9626639,5.8000002,6.6900001,-0.43720001,159.7999947,0.06259,160.8029731,0.69064868,5.39,58.441,5.2,-0.93385214,-10.64819876,0.056324646,0.0090322,157,155.7,132.4,145,233,99.5,97.7,168.4
01/04/1997,0,507.45486,78.9924,2.8879583,5.9899998,6.8899999,-0.38479999,159.8999968,0.06256,160.9031206,0.690316609,5.51,58.438,5.1,-0.235663786,-2.791597157,0,0.0309677,157,156,133,144.3,233.5,99.4,97.9,168.9
01/05/1997,-0.090000004,507.45486,79.4411,2.9291666,5.8699999,6.71,-0.41029999,159.8999968,0,159.8999968,0,5.5,58.474,4.9,0.31496063,3.845691957,-0.075065218,-0.0348387,157.1,156.2,133.3,143.3,234.1,99.5,98.2,169.2
01/06/1997,0,507.6423,79.8048,2.8442638,5.6900001,6.4899998,-0.49599999,160.1999945,0.18744,163.2279517,2.081272633,5.56,58.763,5,-0.156985871,-1.867649858,0,-0.0551615,157.4,156.6,133.1,143.6,234.4,99.9,98.5,169.4
01/07/1997,-0.02,507.76706,80.48,2.6826923,5.54,6.2199998,-0.4666,160.3999847,0.12476,162.4122809,1.380952903,5.52,59.312,4.9,-0.235849057,-2.793763419,-0.020499876,-0.0193548,157.7,156.9,133.3,143.3,234.7,99.9,98.7,169.7
01/08/1997,0.01,508.01614,81.2862,2.6064394,5.5599999,6.3000002,-0.45609999,160.800007,0.24908,164.8498952,2.774258717,5.54,59.672,4.8,0.236406619,2.874057795,0.028350584,0.0035484,158.2,157.1,132.7,144.1,235.1,100.1,98.7,169.8
01/09/1997,0,508.26459,82.038,2.5880952,5.52,6.21,-0.51450002,161.2000113,0.24845,165.2495914,2.76715438,5.54,59.684,4.9,0.235849057,2.867191189,0.01126784,0.0058064,158.4,157.5,132.9,144.8,235.5,100.1,99,170.2
01/10/1997,0,508.4505,82.7657,2.4958334,5.46,6.0300002,-0.36219999,161.499977,0.18591,164.5273823,2.064125807,5.5,59.989,4.7,0.235294118,2.860357314,0,0,158.7,157.8,132.7,144.7,236.1,100.2,99.3,170.6
01/11/1997,0,508.57428,83.4321,2.4878206,5.46,5.8800001,-0.29359999,161.7000054,0.12378,163.7125883,1.370038188,5.52,60.235,4.6,0.078247261,0.943018633,0.030136723,0,159,158.3,132.7,143.9,236.9,100.2,99.5,170.8
01/12/1997,-0.01,508.63611,83.7826,2.4277778,5.5300002,5.8099999,-0.36880001,161.8000154,0.06183,162.8031819,0.682236527,5.5,60.579,4.7,-0.860046912,-9.846102068,0.002089067,-0.0051613,159.2,158.4,133,143.7,237.8,100.2,99.8,171.2
01/01/1998,0,508.75964,84.1656,2.2,5.2399998,5.54,-0.31,162.0000105,0.12353,164.0122326,1.367253993,5.56,60.525,4.6,-1.104100946,-12.47353364,0,-0.0048387,159.9,158.7,133.1,143,238.1,100.4,99.8,171.6
01/02/1998,0,508.75964,84.3048,2.1216199,5.3099999,5.5700002,-0.29539999,162.0000105,0,162.0000105,0,5.51,60.918,4.6,-0.318979266,-3.761306587,0.018404938,0,159.9,158.8,133,142.4,238.8,100.6,99.7,171.9
01/03/1998,0,508.75964,84.3416,2.0255411,5.3899999,5.6500001,-0.33950001,162.0000105,0,162.0000105,0,5.49,61.189,4.7,-0.24,-2.842286492,0.000986837,0,160.1,159.2,132.7,141.5,239.4,100.9,100,172.2
01/04/1998,0,508.88303,84.6263,1.96875,5.3800001,5.6399999,-0.41729999,162.2000257,0.12339,164.2124363,1.365694875,5.45,61.516,4.3,0.160384924,1.941687572,0,0,160.2,159.6,132.3,140.9,240.3,100.9,100.2,172.5
01/05/1998,-0.01,509.12933,85.1839,1.9822637,5.4400001,5.6500001,-0.3705,162.6000167,0.2463,166.6490309,2.742912782,5.49,61.961,4.4,0.160128102,1.938550951,0.00137896,-0.0041935,160.7,160,132.7,141.2,241.2,100.9,100.5,172.9
01/06/1998,0,509.25226,84.6809,2.0222085,5.4099998,5.5,-0.34549999,162.8000238,0.12293,164.8123074,1.360572209,5.56,62.372,4.5,-0.239808153,-2.840044363,0,-0.0058064,160.6,160.2,133.3,141.4,241.8,101.1,100.6,173.2
01/07/1998,0.00999,509.49765,84.3448,2.0913043,5.3600001,5.46,-0.2983,163.2000094,0.24539,167.2487851,2.732653951,5.54,62.412,4.5,0.080128205,0.96578735,0.000212008,0.00999,161,160.5,133.5,141.7,242.5,101,100.6,173.5
01/08/1998,0.01,509.62012,86.0846,2.1133332,5.21,5.3400002,0.085100003,163.4000029,0.12247,165.4121035,1.355449779,5.55,62.697,4.5,-0.560448359,-6.521897182,-0.003977047,0.0045161,161.4,160.8,135.1,141.6,243.3,101.2,100.1,174
01/09/1998,0.07,509.6813,85.9945,2.1397436,4.71,4.8099999,0.062100001,163.5000016,0.06118,164.5030222,0.675042429,5.51,63.163,4.6,-0.322061192,-3.797006466,0.076035045,0.0101504,161.5,161.1,133.1,141.2,244.1,101.5,100.3,174.2
01/10/1998,-0.25,509.92566,86.5967,2.1472223,4.1199999,4.5300002,0.1954,163.9000187,0.24436,167.9489076,2.72104343,5.07,63.376,4.5,0.161550889,1.955928893,-0.23648961,-0.0717633,162.4,161.5,132.7,141.4,244.8,101.3,100.4,174.4
01/11/1998,0,510.04761,86.5114,2.1246154,4.5300002,4.8299999,0.19419999,164.1000167,0.12195,166.1121109,1.349659489,4.83,63.548,4.4,-0.322580645,-3.803022428,-0.044317041,-0.1129031,162.7,161.9,132.7,141.3,245.3,101.4,100.6,174.8
01/12/1998,0,510.23026,86.8608,2.0509615,4.52,4.6500001,0.053300001,164.4000193,0.18265,167.4273078,2.027599472,4.68,64.067,4.4,-0.647249191,-7.496374878,0.007246262,0,162.8,162.2,132,140.9,245.9,101.4,100.5,175.4
01/01/1999,0,510.41257,87.2277,1.988,4.5100002,4.7199998,0.057,164.7000103,0.18231,167.7271315,2.023790661,4.63,64.013,4.3,0.081433225,0.981587303,0,0,163.4,162.2,131.5,140.8,246.5,101.7,100.5,175.6
01/02/1999,0,510.41257,87.7266,2.0572636,4.6999998,5,-0.1806,164.7000103,0,164.7000103,0,4.76,64.316,4.4,-0.48820179,-5.703648415,-0.008175788,0,163.8,162.4,130.8,140,247.3,101.7,100.8,175.6
01/03/1999,-0.02,510.47327,87.9203,2.0076048,4.7800002,5.23,-0.1513,164.8000136,0.0607,165.803056,0.669730164,4.81,64.624,4.2,0.245298446,2.983620951,0.001266748,-0.0012903,163.7,162.7,130.4,140.7,247.9,101.7,100.8,175.7
01/04/1999,0,511.13852,88.1153,2.1176136,4.6900001,5.1799998,-0.1999,165.9000005,0.66525,177.268914,7.566079687,4.74,65.011,4.3,0.815660685,10.2391883,0,-0.0187097,163.9,163.1,131.7,143.6,248.7,101.8,101,176.3
01/05/1999,0.039999999,511.19879,88.6554,2.1571429,4.8499999,5.54,-0.19509999,166.0000185,0.06027,167.0031881,0.664971477,4.74,65.311,4.2,0.889967638,11.21818225,0.098356903,0.0180645,164.2,163.3,131.7,143.4,249.3,102,100.9,176.5
01/06/1999,-0.07,511.19879,88.5958,2.2974637,5.0999999,5.9000001,-0.142,166.0000185,0,166.0000185,0,4.76,65.586,4.3,0.40096231,4.919087488,-0.12282518,0.0196021,164.1,163.6,131.7,143,250,102.1,101,176.6
01/07/1999,0,511.61957,89.1235,2.2809289,5.0300002,5.79,-0.086499996,166.699985,0.42078,173.847172,4.727200376,4.99,65.697,4.3,0.399361022,4.899009093,0,-0.0676665,164.4,164,131.5,144.6,250.9,102.1,101.1,177.1
01/08/1999,0.015,511.85925,89.5116,2.3482213,5.1999998,5.9400001,-0.032499999,167.1000108,0.23968,171.1480472,2.668303854,5.07,66.041,4.2,0.954653938,12.0769059,-0.023765473,0.003871,164.7,164.3,130.9,145.9,251.7,102.1,101.3,177.3
01/09/1999,0,512.27728,89.1361,2.3651514,5.25,5.9200001,0.098200001,167.800001,0.41803,174.9464549,4.695657462,5.22,66.372,4.2,0.866824271,10.91241728,0,0.0111289,165.1,164.9,131.2,147,252.5,101.8,101.5,177.8
01/10/1999,0.039999999,512.45593,90.2842,2.4465909,5.4299998,6.1100001,0.1141,168.1000436,0.17865,171.1271363,1.982798118,5.2,66.518,4.1,-0.234375,-2.77652687,0.065263487,0.0348387,165.5,165.1,131.4,147.6,253.1,101.9,101.6,178.1
01/11/1999,0.060010001,512.63422,90.7631,2.5055556,5.5500002,6.0300002,0.071900003,168.4000165,0.17829,171.4263516,1.978766874,5.42,66.845,4.1,0.469851214,5.786222517,0.052799944,0.0351663,165.8,165.5,131,147.5,253.9,102,101.8,178.4
01/12/1999,-0.005,512.87146,91.4926,2.5525362,5.8400002,6.2800002,-0.15369999,168.800003,0.23724,172.8471527,2.640816915,5.3,67.645,4,-0.389711613,-4.577592546,-0.028547464,0.0282309,166,165.7,131.3,148.8,254.9,102.3,101.9,178.7
01/01/2000,0,513.16724,91.4251,2.5913043,6.1199999,6.6599998,0.022500001,169.3000188,0.29578,174.373993,3.302126694,5.45,67.481,4,0.391236307,4.797188279,0,-0.0032258,166.1,166.5,130.7,149.1,255.6,102.3,102.6,179.3
01/02/2000,0.005,513.57983,91.7357,2.6164088,6.2199998,6.52,0.090899996,169.9999767,0.41259,177.1441716,4.633285282,5.73,68.116,4.1,1.16913484,14.96785617,0.024883943,0.0048275,166.7,167.3,130.4,150,256.5,102.4,102.2,179.4
01/03/2000,-0.00999,514.16638,92.0933,2.6225543,6.2199998,6.2600002,0.33770001,171.0000416,0.58655,181.2958658,6.644641533,5.85,68.451,4,0.770416025,9.646965825,-0.008333215,-0.0033724,167.1,167.7,130.3,153.6,257.7,102.7,102.1,180
01/04/2000,0,514.10785,92.6838,2.7436538,6.1500001,5.9899998,0.4955,170.8999846,-0.05853,169.9023083,-0.641949136,6.02,68.431,3.8,-0.076452599,-0.913583307,0,-0.0064452,167.2,167.9,129.8,152.1,258.4,102.6,102.2,180.3
01/05/2000,0.07,514.28326,92.9376,2.8538866,6.3299999,6.4400001,0.68589997,171.2000233,0.17541,174.2265906,1.946522133,6.27,68.688,4,0.688599847,8.583446019,0.064768843,0.0361292,167.8,168.3,129.7,152,259.2,103,102.3,180.7
01/06/2000,-0.01501,514.86566,93.0076,2.9079061,6.1700001,6.0999999,0.72710001,172.2000014,0.5824,182.4928085,6.596252124,6.53,68.834,4,1.671732523,22.01204039,-0.021315254,0.0323699,168,169.2,129.3,155,260.3,103.4,102.1,181.1
01/07/2000,0,515.15558,92.8458,2.9041667,6.0799999,6.0500002,0.7931,172.699968,0.28992,177.7719697,3.23575391,6.54,68.882,4,-0.074738416,-0.893183507,0,-0.013509,168.8,169.9,128.9,154.6,261.2,103.6,102.7,181.5
01/08/2000,0.005,515.15558,92.5972,2.8736112,6.1799998,5.8299999,0.95209998,172.699968,0,172.699968,0,6.5,69.236,4.1,-0.598354525,-6.948605893,0.009388752,0.0016129,169.3,170.2,128.9,153.2,262.4,103.8,102.8,181.9
01/09/2000,0,515.67535,92.9653,2.9403508,6.1300001,5.8000002,1.0555,173.5999475,0.51977,182.8346924,5.868399686,6.52,69.808,3.9,1.354401806,17.51989029,0,0.0033872,169.4,171.1,129.5,155.2,263.3,103.9,102.2,182.3
01/10/2000,0.025,515.84802,92.6418,2.8760417,6.0100002,5.7399998,1.4413,173.8999615,0.17267,176.9258681,1.915853449,6.51,69.765,3.9,0.519673348,6.417443989,0.029019687,0.023387,169.6,171.8,129.2,154.7,264.1,103.9,103,182.6
01/11/2000,0,516.02039,92.6618,2.815942,6.0900002,5.7199998,1.5232,174.1999714,0.17237,177.2257914,1.912496074,6.51,69.829,3.9,-0.295420975,-3.488014615,0.036434356,0.0016129,169.7,172.2,129.2,155,264.7,103.9,102.8,183.1
01/12/2000,-0.005,516.24976,92.3459,2.7166667,5.5999999,5.2399998,1.5137,174.5999924,0.22937,178.6459132,2.552205855,6.4,70.149,3.9,0.888888889,11.20391292,0.035223573,-0.0020967,170.5,172.8,129.1,155.1,265.6,104,103.4,183.3
01/01/2001,-0.11999,516.82086,91.8903,2.652174,4.8099999,5.1599998,1.0968,175.5999857,0.5711,185.8871733,6.464594162,5.98,70.164,4.2,2.790014684,39.12690924,-0.24841693,-0.1422579,170.9,174.5,129.4,155.4,267.2,104.1,103.8,183.9
01/02/2001,0,517.0484,91.2915,2.5520203,4.6799998,5.0999999,1.1246001,176.0000009,0.22754,180.0454947,2.531611218,5.49,70.199,4.2,-1.857142857,-20.14458619,0,0.0193646,171.7,174.9,129.6,155.2,268.3,104.2,103.9,184.4
01/03/2001,-0.075000003,517.10522,91.0526,2.6582701,4.3000002,4.8899999,1.0707,176.1000325,0.05682,177.1031666,0.626798712,5.31,70.141,4.3,-1.091703057,-12.34177182,-0.000407389,-0.0290322,172.2,175.3,129.5,154.2,269.4,104.2,104.4,184.7
01/04/2001,-0.37,517.27539,90.7293,2.7550001,3.98,5.1399999,0.89160001,176.399957,0.17017,179.424587,1.887878391,4.8,70.094,4.4,0.367917586,4.505455629,-0.30669311,-0.2063012,172.6,175.4,128.2,154.8,270.4,104.8,104.5,185.1
01/05/2001,-0.14,517.7843,90.2577,2.9054348,3.78,5.3899999,0.73019999,177.2999622,0.50891,186.5299913,5.742651195,4.21,70.394,4.3,0.293255132,3.576379149,-0.092314079,-0.2864408,172.9,176.1,127.4,157.6,271.3,104.8,104.6,185.3
01/06/2001,0.075000003,518.00964,89.7677,2.9802778,3.5799999,5.2800002,0.9612,177.6999404,0.22534,181.7446198,2.506857616,3.97,70.438,4.5,-0.950292398,-10.82597411,0.059506785,-0.0532258,173.5,176.8,127.4,157.3,272.4,104.7,105,186
01/07/2001,0,517.8407,89.226,2.784503,3.6199999,5.2399998,0.71869999,177.3999876,-0.16894,174.4254247,-1.842721891,3.77,70.588,4.6,-1.549815498,-17.09162321,0,0.0650001,174.1,176.8,127.3,154,272.8,104.9,105.5,186.4
01/08/2001,-0.02,517.8407,89.1326,2.7463205,3.47,4.9699998,0.70480001,177.3999876,0,177.3999876,0,3.65,70.989,4.9,0,0,0.028874703,-0.0070968,174.5,177.1,126.4,153.4,274.3,105.1,105.8,186.7
01/09/2001,-0.045000002,518.2345,88.6679,2.5848484,2.8199999,4.73,1.1468,178.0999661,0.3938,185.237712,4.418108775,3.07,70.084,5,-0.074962519,-0.895850686,-0.045,-0.0129032,174.7,177,125.8,156,275.2,105.3,105.8,187.1
01/10/2001,-0.039999999,517.95337,88.3926,2.3180556,2.3299999,4.5700002,0.97610003,177.5999768,-0.28113,172.6691179,-3.049325816,2.49,71.89,5.3,-2.250562641,-23.90235872,-0.003230328,-0.0387096,175.3,176.9,125.8,152.9,276.3,105.4,106.4,187.4
01/11/2001,-0.14,517.89703,87.8774,2.0696969,2.1800001,4.6500001,-0.17839999,177.4999452,-0.05634,176.502414,-0.61799714,2.09,71.633,5.5,-0.383729854,-4.508806588,-0.12132697,-0.1179571,175.4,177.5,125.4,150.2,277.4,105.7,106.5,188.1
01/12/2001,-0.029999999,517.8407,87.8344,1.8068452,2.22,5.0900002,0.38100001,177.3999876,-0.05633,176.4031947,-0.617887758,1.82,71.552,5.7,-1.309707242,-14.63236552,-0.027401501,-0.0436559,175.2,177.9,124.9,149.2,278.2,105.6,106.7,188.4
01/01/2002,0.02,518.00964,88.4665,1.625,2.1600001,5.04,0.53390002,177.6999404,0.16894,180.7246713,1.874117225,1.73,71.667,5.7,0.31225605,3.81209968,0.016959708,-0.0083871,175.8,178.3,124.4,149.3,279.8,105.7,107,188.7
01/02/2002,0,518.17834,88.4661,1.4886552,2.23,4.9099998,0.72049999,177.9999732,0.1687,181.0254746,1.871432316,1.74,71.951,5.7,-0.077821012,-0.929865458,0,0.0187097,176.2,178.7,124.6,148.7,280.4,105.9,107.2,189.1
01/03/2002,-0.045000002,518.45886,89.1228,1.5884601,2.5699999,5.2800002,0.23649999,178.4999998,0.28052,183.5702449,3.12936659,1.73,71.937,5.7,1.090342679,13.89798077,-0.001611049,-0.0188708,176.6,179,125.3,150.5,281.4,106,106.8,189.2
01/04/2002,0,518.90607,89.5532,1.7698607,2.48,5.21,0.37900001,179.3000573,0.44721,187.4799729,5.030797283,1.75,72.321,5.9,0.770416025,9.646965825,0,-0.026129,176.9,179.5,125.1,152.5,282.7,106.3,106.6,189.7
01/05/2002,-0.02,519.01752,89.934,1.8864198,2.3499999,5.1599998,0.48640001,179.4999986,0.11145,181.5104764,1.232804499,1.75,72.041,5.8,0,0,0.010387345,-0.016129,176.4,179.8,124.6,152.8,283.9,106.2,107.2,190
01/06/2002,-0.01,519.07324,90.6769,2.0502236,2.2,4.9299998,0.8818,179.6000438,0.05572,180.6032602,0.614630453,1.75,72.283,5.8,0.076452599,0.921298741,0.028010448,-0.0055377,176.5,180,123.9,152.8,284.6,106.1,107.5,190.2
01/07/2002,0,519.29572,90.6455,2.0821428,1.96,4.6500001,1.4642,180.0000628,0.22248,184.0445811,2.474686055,1.73,72.762,5.8,0.229182582,2.785123459,0,-0.0083334,176.7,180.2,123.5,153.3,286.4,106.1,108.2,190.5
01/08/2002,-0.039999999,519.57306,90.5475,2.0627873,1.76,4.2600002,1.3775001,180.4999679,0.27734,185.5681822,3.093398554,1.74,72.868,5.7,0.228658537,2.778674734,0.018076718,-0.0245161,176.7,180.7,124.3,154,287.2,106.3,108.9,191.1
01/09/2002,-0.005,519.73914,90.6381,2.0610015,1.72,3.8699999,1.5314,180.7999913,0.16608,183.8250052,1.842126248,1.75,72.531,5.7,0.608365019,7.549673512,0.049740117,-0.0166504,177,181.1,123.4,154.2,288.1,106.3,108.7,191.3
01/10/2002,0,519.96014,90.4041,2.1294644,1.65,3.9400001,1.3714,181.2000012,0.221,185.24413,2.458041438,1.75,72.827,5.7,0.680272109,8.475726582,0,-0.0038333,177,181.5,123,155.5,289.8,106.5,108.8,191.5
01/11/2002,-0.085000001,520.12555,90.8985,2.068254,1.49,4.0500002,1.0177,181.4999721,0.16541,184.5243565,1.834633179,1.34,73.035,5.9,-0.075075075,-0.897190258,0.008038806,-0.0708334,177.5,182,123.1,155.4,291.2,106.5,108.8,191.9
01/12/2002,0.01,520.29071,90.389,2.0919871,1.45,4.0300002,0.86309999,181.7999851,0.16516,184.8247564,1.831837386,1.24,73.513,6,-0.15026296,-1.7883278,0.023454608,-0.0070698,177.7,182.3,122.7,155.3,292.1,106.8,109,192.1
01/01/2003,0.029999999,520.7298,91.1355,2.2296295,1.36,4.0500002,0.8301,182.6000058,0.43909,190.7762489,4.937439191,1.24,73.503,5.8,1.805869074,23.95777947,0.005975467,0.0058064,177.7,182.9,122.1,158,292.7,106.9,109.5,192.4
01/02/2003,0,521.27594,91.2502,2.2119286,1.3,3.9000001,0.59420002,183.5999856,0.54614,193.8742876,6.174305272,1.26,73.266,5.9,1.69992609,22.4186674,0,0.0270967,178.7,183.4,121.8,160.8,293,107.1,109.7,192.5
01/03/2003,-0.02,521.43921,91.0059,2.281713,1.24,3.8099999,0.078000002,183.8999942,0.16327,186.9244369,1.810703449,1.25,73.687,5.9,2.61627907,36.33116747,0.017682185,-0.0090322,179,184.2,120.7,160.8,293.4,107.2,109.6,192.5
01/04/2003,0,521.05786,90.4281,2.2929544,1.27,3.96,0.0163,183.2000271,-0.38135,176.3310882,-4.115772827,1.26,74.035,6,-3.116147309,-31.60618835,0,-0.0109677,179.1,184,120.3,157.7,294,107.1,109.4,192.5
01/05/2003,-0.039999999,520.89398,90.4073,2.2858551,1.1799999,3.5699999,-0.58929998,182.9000447,-0.16388,179.924445,-1.787981224,1.26,74.273,6.1,-0.073099415,-0.873674836,-0.029734096,-0.0335484,179.4,184.6,120,154.4,295.2,107.4,109.3,192.9
01/06/2003,0.105,521.00323,90.5218,2.129781,1.01,3.3299999,-0.42950001,183.0999722,0.10925,185.110092,1.208336122,1.22,74.671,6.3,0.950987564,12.02807204,0.067320563,0.0145483,180.3,184.6,120.6,154.6,296.1,107.5,109.1,193
01/07/2003,0,521.33038,90.9896,1.9666667,1.12,3.98,-1.0964,183.6999647,0.32715,189.7979458,3.658096445,1.01,75.008,6.2,-0.217391304,-2.577729645,0,0.0840001,180.4,184.9,121.1,155.7,297.4,107.7,109.6,193.4
01/08/2003,0,521.76495,90.7858,1.9074404,1.3099999,4.4499998,-0.19660001,184.5000067,0.43457,192.674634,4.885504077,1.03,75.672,6.1,0.217864924,2.645934688,0.005726709,0,181.1,185.2,120.8,158.2,298.3,107.7,110,193.6
01/09/2003,0,522.0896,91.3829,1.9320513,1.24,4.27,-0.58139998,185.0999594,0.32465,191.1967794,3.629686961,1.01,75.452,6.1,0.362318841,4.435522523,0.01009488,0,181.5,185.5,120.9,159.9,299.8,107.8,110.1,193.7
01/10/2003,-0.01,521.98151,91.5005,1.8660715,1.25,4.29,-0.52029997,184.8999929,-0.10809,182.9109952,-1.182584896,1.01,75.574,6,0.577617329,7.15590691,-0.002264367,-0.0012903,182.2,185.9,121.1,157.5,300.4,107.7,110.2,194
01/11/2003,0,522.03558,92.1265,1.8407408,1.34,4.3000002,-0.54180002,184.9999954,0.05407,186.0027005,0.596380572,1,76.008,5.8,-0.287150036,-3.39189758,0,-0.0087097,183.1,186,120.8,156.9,301.4,107.9,110.3,194
01/12/2003,0.005,522.30548,92.1722,1.8047222,1.3099999,4.27,-0.4955,185.4999848,0.2699,190.5671844,3.009291472,0.98,76.108,5.7,0.431965443,5.308528051,0.005672833,0.0037096,184,186.4,120.2,157.4,303,108,110.7,194.2
01/01/2004,0.005,522.73584,92.327,1.6185185,1.24,4.1500001,-0.70880002,186.3000228,0.43036,194.4729008,4.837151903,1,76.355,5.7,1.362007168,17.62575451,0.055318683,0.0019355,183.9,186.9,120.1,159.8,303.8,108,110.9,194.6
01/02/2004,0,522.95032,92.8873,1.569706,1.24,4.0799999,-0.32820001,186.7000279,0.21448,190.7428022,2.384744415,1.01,76.51,5.6,0.495049505,6.105041998,0,0.004355,184.3,187.1,120.1,160.7,305.2,108.4,111.2,194.9
01/03/2004,-0.005,523.16431,92.5325,1.7376429,1.1900001,3.8299999,-0.51599997,187.0999751,0.21399,191.1420656,2.379237823,1,76.947,5.8,0.703729768,8.779402746,0.001481187,-0.0025806,184.7,187.7,120.4,160.8,306.5,108.6,111.3,195.5
01/04/2004,0,523.32452,92.9096,1.8520833,1.4299999,4.3499999,-0.7367,187.3999682,0.16021,190.4237969,1.776495053,1,76.884,5.6,1.187980433,15.22511154,0,-0.0024195,185.1,188.3,120.6,159.8,307.8,108.7,111.3,195.9
01/05/2004,-0.005,523.75055,93.5838,2.148519,1.78,4.7199998,-0.3466,188.2000514,0.42603,196.3716342,4.787442659,1,77.289,5.6,1.38121547,17.89351723,-0.022458879,-0.0045161,186.5,188.9,120.9,161.6,308.6,108.6,111.2,196.2
01/06/2004,-0.01,524.12177,92.8621,2.3434975,2.1199999,4.73,-0.35969999,188.8999859,0.37122,196.0292915,4.160062727,1.03,76.892,5.6,0.272479564,3.319204349,-0.020349458,-0.0008171,186.9,189.5,121.2,162.8,309.8,108.9,111.5,196.6
01/07/2004,0,524.2276,93.5511,2.4194179,2.0999999,4.5,-0.3026,189.1000046,0.10583,191.1107006,1.170309593,1.26,77.568,5.5,0.135869565,1.642674088,0,-0.0096667,187.3,189.9,121,162.3,310.8,108.7,111.6,196.8
01/08/2004,0.03999,524.28046,93.6328,2.5222867,2.02,4.2800002,-0.4201,189.1999893,0.05286,190.2024562,0.582999238,1.43,77.855,5.4,0.407055631,4.995523309,0.036320377,0.0283799,187.5,190.3,120.3,162.1,311.8,108.6,111.6,196.9
01/09/2004,-0.01,524.59711,93.7418,2.4638176,2.1199999,4.1300001,-0.5564,189.8000406,0.31665,195.8954442,3.538824173,1.61,78.358,5.4,-0.202702703,-2.405496497,-0.008489406,0.0082767,187.4,190.8,120,163.4,312.9,108.7,112,197.5
01/10/2004,0,525.12256,94.5671,2.4143972,2.23,4.0999999,-0.53189999,190.7999697,0.52545,201.0631979,5.934222825,1.76,78.542,5.5,1.557210562,20.37302232,0,-0.0066667,188.3,191.2,120.3,166.7,314,108.8,111.8,197.9
01/11/2004,-0.00999,525.59314,94.8,2.426182,2.5,4.1900001,-0.66100001,191.6999521,0.47058,200.9121978,5.299910764,1.93,78.683,5.4,0.933333333,11.79320144,-0.009585864,-0.0069931,188.9,191.8,120.6,169.1,314.7,108.8,112.1,198.3
01/12/2004,-0.005,525.59314,95.5426,2.5205562,2.6700001,4.23,-0.71539998,191.6999521,0,191.6999521,0,2.16,79.199,5.4,-0.792602378,-9.107365808,-0.005683749,-0.0059001,188.9,192.1,119.8,168.5,315.8,108.8,112.3,198.6
01/01/2005,0,525.54102,95.8831,2.4940107,2.8599999,4.2199998,-0.70609999,191.6000641,-0.05212,190.6037576,-0.571828262,2.28,79.033,5.3,0.466045273,5.738144544,0,-0.0020969,189.1,192.3,120.3,166.5,316.9,109.1,112.5,199
01/02/2005,0,525.95764,96.5616,2.3746738,3.03,4.1700001,-0.94779998,192.3999734,0.41662,200.5659659,4.679487899,2.5,79.383,5.4,0.463883366,5.710843508,-0.000275092,0,189.2,193,120,168.4,318.4,109,112.8,199.4
01/03/2005,0.01,526.3208,96.4371,2.4685445,3.3,4.5,-0.65689999,193.0999634,0.36316,200.2269831,4.068092896,2.63,79.51,5.2,1.385224274,17.94947019,0.020561781,0.0032258,189.6,193.9,120.5,169.2,319.7,108.9,113,200.1
01/04/2005,0,526.63104,96.628,2.62604,3.3199999,4.3400002,-0.44580001,193.699967,0.31024,199.7929484,3.466072636,2.79,80.026,5.2,0.845803513,10.63536374,0,0.0067742,190.8,194.3,119.9,170.3,320.7,109,113.4,200.2
01/05/2005,0.01,526.57941,96.7306,2.7265024,3.3299999,4.1399999,-0.352,193.5999855,-0.05163,192.6027222,-0.566466157,3,79.917,5.1,-0.451612903,-5.286750998,-0.01252945,0.0093548,191,194.6,119.9,168.7,321.8,109.3,113.4,200.5
01/06/2005,0.015,526.63104,97.1488,2.7676172,3.3599999,4,-0.51359999,193.699967,0.05163,194.7023407,0.569398385,3.04,80.62,5,0,0,0.030782903,0.0011451,191,194.6,119.4,169.1,322.8,109,113.5,200.6
01/07/2005,0,527.24866,96.8383,2.7545271,3.6400001,4.1799998,-0.6099,194.8999987,0.61762,207.2736,7.00755569,3.26,81.199,5,1.29617628,16.71229889,0,0.0145001,191.4,195.4,119,172.8,324.1,109.1,113.7,200.9
01/08/2005,-0.01,527.86249,97.1603,2.706424,3.8699999,4.2600002,-0.6182,196.1000327,0.61383,208.4713269,6.963226428,3.5,80.839,4.9,0.831733845,10.45028011,-0.017771564,-0.0074193,191.5,195.9,119.5,177.3,324.2,109.3,113.5,201.1
01/09/2005,0.029999999,529.22992,95.2729,2.9196618,3.8499999,4.1999998,-0.50669998,198.7999813,1.36743,227.6986524,16.11352085,3.62,80.521,5,2.918781726,41.23282322,0.021640405,0.0084193,191.9,196.8,119.1,187.7,325.3,109.7,114.4,201.3
01/10/2005,0,529.38074,96.4383,3.0571761,4.1799998,4.46,-0.3978,199.1000376,0.15082,202.1230968,1.671587447,3.78,80.738,5,2.466091245,33.95595808,0,0.0190001,192.4,198.7,119,184.5,326.9,110,114.3,202
01/11/2005,0,528.8772,97.4951,3.0932779,4.3299999,4.54,-0.3721,198.1000092,-0.50354,188.3455064,-5.401571659,4,80.976,5,-1.504211793,-16.6295934,-0.013202215,0,193,199.5,119.2,176.8,328.7,109.9,114.8,202.5
01/12/2005,-0.005,528.8772,97.9788,3.0030119,4.3499999,4.4699998,-0.35499999,198.1000092,0,198.1000092,0,4.16,81.292,4.9,-0.427611484,-5.012359499,-0.028943727,-0.0030646,193.3,199.6,118.6,176,329.2,110,115,202.8
01/01/2006,0.025,529.48114,98.1305,2.8406849,4.4499998,4.4200001,-0.40920001,199.3000344,0.60394,211.6651606,6.847627887,4.29,81.714,4.7,0.797546012,10.00172823,0.027869653,-0.0011289,194.1,200.5,118.9,179,329.6,110.1,115.5,203.2
01/02/2006,0,529.53131,98.1779,2.831383,4.6799998,4.5700002,-0.37400001,199.4000483,0.05017,200.4026747,0.553256452,4.49,81.885,4.8,-1.521606817,-16.80610723,0,0.0241935,194.2,200.8,117.8,178.5,331.2,110.2,115.6,203.6
01/03/2006,0.029999999,529.68164,98.3898,2.7984352,4.77,4.7199998,-0.44220001,199.7000319,0.15033,202.7222839,1.666115735,4.59,82.057,4.7,0.247218789,3.00729703,0.050257031,0.003871,194.4,201.2,119.1,178.1,332.6,110.5,115.8,204.3
01/04/2006,0,530.18115,98.6769,2.7581909,4.9000001,4.9899998,-0.47549999,200.700049,0.49951,210.9509674,5.633917763,4.79,82.203,4.7,1.294697904,16.69186011,0,0.026129,194.3,201.6,119.6,181.8,333.8,110.9,116.2,204.8
01/05/2006,0.035,530.47961,98.7052,2.9065807,5,5.1100001,-0.36919999,201.2999532,0.29846,207.3883669,3.332494408,4.94,82.341,4.6,0.91296409,11.5227714,0.025966164,0.0248387,194.7,202.3,119.9,182.7,335,111,116.3,205.4
01/06/2006,-0.025,530.72772,99.0427,2.9999452,5.1599998,5.1100001,-0.41069999,201.8000186,0.24811,206.862516,2.763320479,4.99,82.386,4.6,0.180940893,2.193029711,-0.039444242,0.0084946,195.3,202.8,120.1,183,336,111.1,116.7,205.9
01/07/2006,0,531.2713,98.9804,2.9746618,5.2199998,5.0900002,-0.32010001,202.8999499,0.54358,214.1997676,6.144572775,5.24,82.851,4.7,0.421432872,5.176076595,0,-0.0233333,195.7,203.4,119,186.9,336.9,111.3,117.1,206.3
01/08/2006,-0.035,531.71393,99.4106,3.1145751,5.0799999,4.8800001,-0.3459,203.8000365,0.44263,213.0005739,4.978130361,5.25,82.576,4.7,0.659472422,8.20711,-0.003059873,-0.0270967,196.2,204.1,119.8,188.4,338.1,111.2,117.3,206.8
01/09/2006,0,531.22205,99.2207,2.963275,4.9699998,4.7199998,-0.421,202.8000463,-0.49188,193.0403032,-5.279554189,5.25,83.088,4.5,-1.488981537,-16.47476447,0.013108334,-0.0079031,196.8,204.7,120.2,181.5,339.1,111.1,117.5,207.2
01/10/2006,-0.005,530.77728,99.1253,2.7620146,5.0100002,4.73,-0.44049999,201.9000555,-0.44477,193.0958456,-4.785107717,5.25,83.447,4.4,-1.934703748,-20.89860622,-0.000322737,-0.0011292,197.4,204.8,119.8,175.9,340,111.2,117.7,207.6
01/11/2006,0,530.82678,99.0969,2.4583371,5.0100002,4.5999999,-0.41690001,202.0000207,0.0495,203.0021262,0.545849641,5.25,83.477,4.5,1.479654747,19.27454596,0,-0.003871,197.4,205.5,119.4,174.9,340.8,111.3,117.6,207.8
01/12/2006,-0.005,531.36987,100.1122,2.0647283,4.9400001,4.5599999,-0.53130001,203.100047,0.54309,214.400565,6.138882652,5.24,83.961,4.4,0.607533414,7.539006239,-0.017931875,-0.0032258,197.5,206.2,119.8,178.3,341.2,111.1,117.7,208.1
01/01/2007,-0.005,531.53564,99.7571,1.8046317,5.0599999,4.7600002,-0.58279997,203.4370052,0.16577,206.8343648,1.838659243,5.25,84.127,4.6,-0.966183575,-10.99750381,-0.031031476,-0.0019355,198.813,206.788,119.86,177.09,343.579,111.208,117.631,208.6
01/02/2007,0,531.92273,100.7275,1.7897234,5.0500002,4.7199998,-0.60930002,204.2260156,0.38709,212.2689496,4.341365734,5.26,84.106,4.5,1.707317073,22.52547055,0,-0.0048387,200.126,207.536,120.237,177.727,345.35,111.206,117.967,209.135
01/03/2007,-0.01501,532.44141,100.9023,1.9450929,4.9200001,4.5599999,-0.39719999,205.288047,0.51868,216.1850262,5.855772386,5.26,84.2,4.4,1.498800959,19.54486934,-0.055953328,-0.005326,200.853,208.119,119.797,181.041,345.899,111.157,118.47,209.418
01/04/2007,0,532.74103,101.5874,2.1264391,4.9299998,4.6900001,-0.3989,205.9040534,0.29962,212.1562483,3.345641159,5.25,84.281,4.5,1.240401654,15.94347528,0,-0.0096838,201.392,208.518,119.331,182.489,347.32,111.315,118.742,209.747
01/05/2007,0.005,533.15344,101.6299,2.3606524,4.9099998,4.75,-0.62040001,206.7549757,0.41241,215.4399274,4.631222074,5.25,84.405,4.4,1.108518086,14.14396159,0.010239681,0.0037096,202.157,208.883,119.166,184.669,348.491,111.531,119.407,210.058
01/06/2007,0,533.38489,101.6482,2.49261,4.96,5.0999999,-0.41890001,207.2340643,0.23145,212.0801952,2.575618533,5.25,84.409,4.6,0.288517023,3.517675852,0.015782835,0.0012903,202.977,209.561,118.576,184.902,349.513,111.45,119.513,210.392
01/07/2007,0,533.56274,101.4925,2.53216,4.96,5,-0.033399999,207.6029581,0.17785,211.3245332,1.973839994,5.26,84.666,4.7,0.747986191,9.354456802,0,0,203.64,209.743,118.449,185.396,351.719,111.279,119.777,210.773
01/08/2007,-0.025,533.59357,101.6874,2.5377505,4.4699998,4.6700001,0.084600002,207.6669719,0.03083,208.3080883,0.339653253,5.02,85.023,4.6,-1.541976014,-17.01236563,0.039883666,0,204.418,210.004,117.901,184.328,353.376,111.056,120.107,211.119
01/09/2007,-0.17,534.01642,101.9398,2.4283426,4.1399999,4.52,0.0125,208.5469509,0.42285,217.5331244,4.750949287,4.94,85.095,4.7,0.638051044,7.931102083,-0.1576231,-0.0736668,205.347,210.5,118.023,186.324,354.531,111.365,120.384,211.554
01/10/2007,0.029999999,534.32428,101.6345,2.3890865,4.0999999,4.5300002,-0.080399998,209.1899728,0.30786,215.7190311,3.439072198,4.76,85.162,4.7,0.691642651,8.622829199,0.03913001,-0.0953655,205.988,211.057,118.435,186.922,356.343,111.802,120.773,212.077
01/11/2007,0,535.10712,102.2068,2.6120541,3.5,4.1500001,0.252,210.8340224,0.78284,227.9257431,8.956342412,4.49,85.34,4.7,2.461362335,33.88179053,0,0.0290322,206.789,211.864,118.737,192.289,357.75,111.977,120.867,212.66
01/12/2007,0.029999999,535.39648,102.2604,2.6037169,3.26,4.0999999,0.3937,211.4449752,0.28936,217.642724,3.229413148,4.24,85.286,5,-0.223463687,-2.648850739,0.10215273,0.0203228,207.141,212.418,119.35,193.205,358.908,111.962,121.238,213.168
01/01/2008,-0.255,535.74066,102.14,2.8176489,2.71,3.74,0.62669998,212.1739803,0.34418,219.5894345,3.851810313,3.94,85.272,5,1.343784994,17.37225373,-0.11829261,-0.0390322,208.392,212.873,119.438,194.135,360.463,112.315,121.592,213.771
01/02/2008,0,535.98218,101.7671,2.7911587,2.05,3.74,0.82959998,212.6870422,0.24152,217.8794153,2.689036135,2.98,84.977,4.9,0.939226519,11.87155372,0,-0.2062905,209.183,213.377,118.904,194.934,360.75,112.405,121.769,213.939
01/03/2008,0.19,536.33929,101.4355,3.2551994,1.54,3.51,1.0456001,213.4479267,0.35711,221.1926246,3.99910698,2.61,85.189,5.1,2.84619595,40.04215752,0.15244502,0.0338709,209.595,214.422,118.399,195.872,361.533,112.628,122.059,214.42
01/04/2008,-0.075000003,536.5705,100.7424,3.2487826,1.74,3.6800001,0.5636,213.9420106,0.23121,218.9397643,2.572916822,2.28,85.327,5,1.596593933,20.93437919,-0.054498371,0.0386291,211.368,214.997,118.729,195.179,362.072,112.675,122.467,214.56
01/05/2008,0,537.16052,100.132,3.3182423,2.0599999,3.8800001,0.59429997,215.2080425,0.59002,228.2442852,6.685117403,1.98,85.486,5.4,2.985856469,42.34133059,0,-0.0725,212.204,215.866,118.716,198.535,362.658,112.842,122.922,214.936
01/06/2008,0.015,538.20288,99.8651,3.3610289,2.4200001,4.0999999,0.69239998,217.4630172,1.04236,241.2108235,12.08262511,2,85.328,5.6,1.983723296,26.58153606,0.001857893,0.003,213.452,216.864,118.501,206.313,363.671,112.867,123.573,215.424
01/07/2008,0,538.91449,99.4214,3.5507174,2.28,4.0100002,0.95450002,219.0160249,0.71161,235.1041719,8.112255103,2.01,84.917,5.8,2.493765586,34.39075416,0,0.0120001,215.449,218.014,119.006,209.349,364.156,113.194,124.132,215.965
01/08/2008,-0.029999999,538.7655,97.8448,3.5620785,2.1800001,3.8900001,1.0999,218.6899558,-0.14899,215.4532134,-1.626735497,2,84.907,6.1,-3.163017032,-32.00217799,-0.020662848,-0.026129,216.53,218.053,119.736,205.848,364.977,113.72,124.427,216.393
01/09/2008,0.12,538.85101,93.559,3.432909,1.91,3.6900001,1.6214,218.8770376,0.08551,220.7557928,0.944641912,1.81,84.343,6.1,-1.055276382,-11.95358514,0.10193946,0.056129,217.749,217.836,119.618,205.856,365.841,113.991,124.671,216.713
01/10/2008,-0.05999,537.98743,94.4956,2.8525698,1.42,3.8099999,3.1241,216.9949974,-0.86358,198.95999,-9.099651469,0.97,84.213,6.5,-5.332656171,-48.19134681,0.11274098,0.0474272,218.632,217.705,118.799,195.608,366.53,114.225,124.952,216.788
01/11/2008,0,536.20105,93.2689,1.8499852,1.0700001,3.53,2.6445999,213.1530602,-1.78638,177.9666511,-17.9858277,0.39,83.955,6.8,-5.150214592,-46.98042625,0,-0.0474172,219.079,217.585,118.867,175.507,367.459,114.238,125.287,216.947
01/12/2008,-0.18501,535.37427,90.628,0.6089493,0.49000001,2.4200001,2.7451,211.3980185,-0.82678,194.5495048,-8.727791838,0.16,83.711,7.3,-3.337104072,-33.45466365,-0.18585984,-0.095489,219.151,217.469,118.119,166.673,368.748,113.945,125.691,216.925
01/01/2009,0,535.62701,88.3811,-0.52454042,0.44,2.52,2.4233,211.9329816,0.25274,217.350015,2.815540363,0.15,84.092,7.8,0.175541252,2.126952224,0.005127948,-0.0895209,219.323,217.631,117.967,168.403,369.824,114.078,125.995,217.346
01/02/2009,0,535.9906,87.8412,-0.66208434,0.62,2.8699999,2.8929,212.7049512,0.36359,220.5650068,4.07299761,0.22,83.747,8.3,-1.109813084,-12.53417976,0,0,219.058,217.563,119.888,171.424,370.853,114.488,126.229,217.792
01/03/2009,-0.01,535.89185,86.4794,-0.51071179,0.63999999,2.8199999,2.4247999,212.4950088,-0.09875,210.4058181,-1.080902498,0.18,83.401,8.7,-0.708800945,-8.181738827,-0.088378958,-0.0045161,218.682,217.458,120.368,169.449,371.705,114.503,126.433,218.253
01/04/2009,0.005,535.99249,85.7883,-0.15184747,0.55000001,2.9300001,2.0339999,212.7089714,0.10064,214.8592866,1.112627478,0.15,83.277,9,0.594883998,7.376867435,-0.038531225,-0.0051508,218.372,217.304,120.182,170.09,373.077,114.064,126.659,218.706
01/05/2009,0,536.13953,84.9516,0.006804615,0.5,3.29,1.1943001,213.0219687,0.14704,216.1748174,1.629384029,0.18,83.353,9.4,1.005322295,12.75377865,0,0.0046668,218.053,216.99,120.038,172.235,374.359,114.106,127.03,218.904
01/06/2009,0,536.96606,84.6928,0.34750414,0.50999999,3.72,0.77600002,214.7899556,0.82653,233.2101373,9.47703597,0.21,83.376,9.5,1.932084309,25.81454669,0.027500428,0,218.092,216.955,120.276,180.667,375.177,114.485,127.256,219.112
01/07/2009,0,536.93628,85.7044,0.61035281,0.47999999,3.5599999,0.19400001,214.7260007,-0.02978,214.0873934,-0.327092669,0.16,83.654,9.5,-0.919012062,-10.4874479,0,0,217.725,216.581,119.984,180.915,376.001,114.527,127.574,219.263
01/08/2009,-0.005,537.27057,86.6617,0.84723485,0.46000001,3.5899999,-0.065499999,215.4450094,0.33429,222.7551919,3.739272921,0.16,84.406,9.6,1.449275362,18.84677227,0.011642656,-0.0032258,217.738,216.729,120.236,183.729,377.091,114.669,127.819,219.496
01/09/2009,-0.015,537.46344,87.4033,1.0860816,0.40000001,3.4000001,-0.042399999,215.8609391,0.19287,220.0601607,2.142148198,0.15,83.627,9.8,-0.514285714,-5.999823475,-0.042130433,-0.0057743,217.664,216.68,120.779,185.329,378.359,114.572,128.204,219.92
01/10/2009,0,537.76318,87.6035,1.3067704,0.37,3.3900001,-0.2261,216.5089314,0.29974,223.0858075,3.347001255,0.12,83.722,10,0.631820793,7.850948425,0,-0.0109999,217.881,216.942,120.5,187.793,379.291,114.218,128.431,220.501
01/11/2009,-0.00999,538.09753,87.9559,1.629127,0.31,3.4000001,-0.082400002,217.2340405,0.33435,224.6062687,3.739955321,0.12,83.588,9.9,1.255707763,16.15399833,-0.009185235,-0.008991,218.055,216.962,120.007,191.243,380.45,114.03,128.429,220.666
01/12/2009,-0.005,538.14954,88.2468,1.9273069,0.37,3.5899999,-0.52429998,217.3470533,0.05201,218.4800952,0.573600096,0.12,84.099,9.9,0.394588501,4.839187763,0.002695629,-0.0035796,218.341,216.899,120.441,191.517,381.111,113.545,128.686,220.881
01/01/2010,0,538.21436,89.1911,2.2224553,0.34999999,3.73,-0.2218,217.4879833,0.06482,218.9018137,0.715335397,0.11,83.945,9.8,2.133632791,28.83247651,-0.004470239,-0.0024195,218.855,216.206,119.91,193.116,382.742,113.569,128.956,220.633
01/02/2010,0,538.11914,89.4972,2.2627313,0.34999999,3.6900001,-0.015900001,217.2809898,-0.09522,215.2207854,-1.042447451,0.13,84.259,9.8,-0.49477735,-5.778392441,0,0,218.898,216.042,120.184,191.978,384.308,113.337,129.136,220.731
01/03/2010,-0.01,538.15228,90.1419,2.1352966,0.40000001,3.73,-0.14470001,217.3530087,0.03314,218.0743797,0.365144644,0.16,84.662,9.9,1.270718232,16.36079536,-0.015215505,-0.0051613,219.321,216.146,120.225,191.375,385.712,113.195,129.439,220.783
01/04/2010,-0.01,538.17529,90.4591,2.0197482,0.44999999,3.8499999,-0.27419999,217.4030274,0.02301,217.9037843,0.253401404,0.2,84.835,9.9,0.600109111,7.443815165,-0.016046785,-0.0058386,219.531,216.092,119.646,191.249,386.589,113.54,129.686,220.822
01/05/2010,0,538.12329,91.702,1.9858766,0.37,3.4200001,-0.1867,217.2900072,-0.052,216.1627102,-0.570515118,0.2,85.046,9.6,0.21691974,2.634318284,0,-0.0090001,219.651,216.128,119.648,190.231,387.094,113.475,129.776,220.962
01/06/2010,0,538.08142,91.8997,1.7000076,0.31999999,3.2,-0.0383,217.1990469,-0.04187,216.2913271,-0.459607007,0.18,85.253,9.4,-0.703463203,-8.122489215,-0.018761357,0,219.627,216.06,119.623,189.426,388.188,113.638,129.939,221.194
01/07/2010,0,538.26813,92.2522,1.5972766,0.28999999,3.01,0.1234,217.6049581,0.18671,221.7017811,2.073091141,0.18,85.486,9.4,0.326975477,3.995043039,0,0,219.643,216.214,119.322,191.082,388.123,113.577,130.112,221.363
01/08/2010,0,538.41418,92.5899,1.4835,0.25999999,2.7,-0.40669999,217.9230023,0.14605,221.1265318,1.618333385,0.19,85.693,9.5,0.434546442,5.341008507,-0.0378442,0,219.879,216.254,118.96,192.287,389.059,113.468,130.289,221.509
01/09/2010,0.005,538.57556,92.8564,1.4659685,0.25999999,2.6500001,-0.075000003,218.2749704,0.16138,221.8228946,1.7895735,0.19,85.774,9.5,0,0,-0.031866804,0.0016668,220.598,216.234,119.21,193.316,391.288,113.082,130.408,221.711
01/10/2010,0,538.92316,92.6037,1.5136842,0.23,2.54,-0.031500001,219.0350144,0.3476,226.7675081,3.890751993,0.19,85.993,9.4,0.9194159,11.6083632,0,0.0033333,220.911,216.359,118.917,196.845,391.926,113.088,130.376,221.83
01/11/2010,0.005,539.17621,92.6773,1.4615594,0.25,2.76,-0.16670001,219.5899844,0.25305,225.2096938,2.819037588,0.19,86.211,9.8,0.589496249,7.307875948,0.029106926,0.0046666,221.315,216.484,119.027,198.783,392.535,113.111,130.548,222.149
01/12/2010,0,539.57709,93.5851,1.4919014,0.28999999,3.29,-0.41980001,220.4720435,0.40088,229.4696434,4.499139181,0.18,86.325,9.3,1.065530101,13.56295879,-0.000481956,0.0003333,221.556,216.823,119.223,202.454,393.514,112.724,130.42,222.343
01/01/2011,-0.005,539.90088,93.3944,1.6570812,0.27000001,3.3900001,0.0233,221.1870669,0.32379,228.4529457,3.619915735,0.17,86.422,9.1,1.581444386,20.71815943,0.000696848,-0.0009677,222.735,217.061,119.82,204.232,394.072,112.894,130.584,222.803
01/02/2011,0,540.2218,92.993,1.9109027,0.28999999,3.5799999,-0.24250001,221.8980406,0.32092,229.1217397,3.58731317,0.16,86.398,9,1.608718215,21.10767696,0,-0.0040321,223.734,217.443,119.904,205.704,395.518,113.164,130.702,223.213
01/03/2011,0,540.73779,93.982,2.281574,0.25999999,3.4100001,-0.28380001,223.0459714,0.51599,234.8227482,5.824615458,0.14,86.697,9,1.736465781,22.94751619,-0.015556321,0,225.337,217.794,119.739,209.591,396.29,113.1,130.805,223.454
01/04/2011,-0.005,541.20612,93.6525,2.5429263,0.25,3.46,-0.24600001,224.0930125,0.46833,234.809358,5.273974007,0.1,86.594,9.1,1.957831325,26.19643075,-0.010367402,0,226.18,218.186,120.037,213.032,397.701,113.12,130.918,223.727
01/05/2011,0,541.5238,93.7775,2.693517,0.19,3.1700001,-0.1287,224.8060432,0.31768,232.0494768,3.550518694,0.09,86.494,9,0.492368291,6.071076322,0,0,227.045,218.521,121.146,214.499,398.721,113.435,131.063,224.175
01/06/2011,-0.005,541.5238,94.0467,2.6511428,0.18000001,3,-0.003,224.8060432,0,224.8060432,0,0.09,86.695,9.1,-0.097991181,-1.169577325,-0.007724558,-0.0015001,227.603,218.808,121.71,212.957,399.416,113.481,131.207,224.697
01/07/2011,0,541.78546,94.4931,2.5902219,0.19,3,-0.070500001,225.3950409,0.26166,231.3618672,2.916213422,0.07,86.846,9,0.343305542,4.19835031,0,-0.0035,228.473,219.386,122.547,213.661,400.539,113.353,131.308,225.218
01/08/2011,-0.005,542.1004,95.0969,2.5051837,0.11,2.3,-0.2041,226.106019,0.31494,233.3276202,3.51941165,0.1,86.793,9,-0.684261975,-7.90906321,0.046091333,-0.0037096,229.577,219.802,123.551,214.651,401.387,113.546,131.748,225.862
01/09/2011,0.02,542.31732,95.0281,2.4158211,0.1,1.98,0.2823,226.5970205,0.21692,231.5600783,2.412169006,0.08,86.936,9,0.246062992,2.993046509,0.02469557,0.0053763,230.561,220.152,123.244,215.455,402.202,113.449,131.925,226.118
01/10/2011,0,542.38483,95.6924,2.3435731,0.11,2.1500001,-0.2341,226.7500478,0.06751,228.2854443,0.745121764,0.07,87.093,8.8,-1.276386843,-14.28585465,0,0.0133333,230.776,220.447,123.775,214.682,404.068,113.387,132.243,226.506
01/11/2011,0.01,542.5694,95.6913,2.2866511,0.11,2.01,0.38069999,227.1689469,0.18457,231.3964068,2.049110476,0.08,86.946,8.6,0.149179513,1.804915424,0.013475441,0.0096667,230.976,220.685,124.762,215.149,405.751,113.505,132.446,226.899
01/12/2011,0,542.5932,96.1938,2.1511564,0.12,1.98,0.1445,227.2230195,0.0238,227.7643834,0.262111765,0.07,86.985,8.5,-0.794438928,-9.127555251,0.041044869,0.0003333,231.392,220.966,124.865,213.784,407.23,113.896,132.645,227.405
01/01/2012,0,542.86523,96.779,1.9426895,0.12,1.97,0.050500002,227.8419758,0.27203,234.1155211,3.033364141,0.08,87.321,8.3,0.45045045,5.54135441,-0.018613441,0,232.131,221.096,125.399,215.385,408.394,114.486,133.062,227.877
01/02/2012,0,543.07874,97.0959,2.0357614,0.16,1.97,-0.058600001,228.3289609,0.21351,233.2505886,2.373843871,0.1,87.85,8.3,0.448430493,5.515889265,0,0,232.103,221.299,125.075,217.686,408.89,114.301,133.185,228.034
01/03/2012,0,543.2879,96.5919,2.222955,0.19,2.1700001,-0.46020001,228.8070335,0.20916,233.6375475,2.324972962,0.13,87.735,8.2,1.28968254,16.62254638,0.003039107,0,232.502,221.579,125.85,218.457,410.257,114.519,133.289,228.478
01/04/2012,0,543.4538,97.2942,2.2837226,0.18000001,2.05,-0.285,229.1869394,0.1659,233.0173418,1.840113136,0.14,87.816,8.2,-0.244857982,-2.899046404,0.002717076,0,232.934,221.992,126.432,218.615,411.475,114.404,133.469,228.905
01/05/2012,0,543.24677,97.4853,2.2135053,0.19,1.8,-0.26359999,228.7129446,-0.20703,224.0212904,-2.253902028,0.16,87.822,8.2,-0.88365243,-10.10335595,0,0,233.127,222.069,126.663,215.029,412.864,114.389,133.849,229.224
01/06/2012,0.01,543.16412,97.4959,2.102139,0.19,1.62,0.0195,228.5239914,-0.08265,226.6421724,-0.905402238,0.16,87.73,8.2,-1.040118871,-11.79159293,0.007821872,0.0036666,233.624,222.319,126.248,212.225,415.289,114.784,133.957,229.623
01/07/2012,0,543.19299,97.6922,1.9489298,0.19,1.53,-0.1638,228.5899758,0.02887,229.2507635,0.31802881,0.16,87.914,8.2,0.15015015,1.816756272,0,,233.752,222.508,125.935,211.791,417.004,114.665,133.954,229.97
01/08/2012,0.015,543.77228,97.3061,2.0011513,0.18000001,1.6799999,-0.36379999,229.9180176,0.57929,243.5854835,6.560002302,0.13,87.932,8.1,1.299350325,16.75619163,0.008093303,,234.108,223.031,125.333,217.573,417.555,114.828,133.811,230.233
01/09/2012,0.02,544.24829,97.2383,2.0291531,0.18000001,1.72,-0.28080001,231.0150593,0.47601,242.2474373,5.362528732,0.14,88.056,7.8,0.838677849,10.54159157,-0.022661671,,234.286,223.463,126.386,221.574,418.453,115.014,134.06,230.659
01/10/2012,-0.005,544.51758,97.5425,1.991606,0.18000001,1.75,-0.2911,231.6379981,0.26929,237.9510516,3.002398363,0.16,88.05,7.8,-0.440313112,-5.157658995,0.000663008,,234.694,223.949,127.291,222.913,419.07,114.955,134.319,231.024
01/11/2012,0,544.34949,97.934,2.005687,0.18000001,1.65,-0.15800001,231.2489648,-0.16809,227.3908499,-1.833528263,0.16,88.434,7.7,-0.835380835,-9.576569349,0,,235.1,224.504,127.191,218.833,419.509,115.159,134.489,231.33
01/12/2012,0,544.3374,98.1984,1.9736764,0.16,1.72,-0.2511,231.2210085,-0.01209,230.9416127,-0.132909637,0.16,88.47,7.9,-0.148662042,-1.769430273,-0.020946808,,235.521,224.757,127.289,217.524,420.321,114.974,134.693,231.725
01/01/2013,0,544.50635,98.2029,1.8709998,0.15000001,1.91,-0.15350001,231.6119866,0.16895,235.5546199,1.874229098,0.14,88.864,8,0.496277916,6.120606863,0.003296733,,235.86,225.106,128.076,218.092,421.114,115.076,135.177,232.229
01/02/2013,0,545.09741,98.6733,1.8302636,0.16,1.98,-0.1047,232.9850061,0.59106,247.1236232,6.69725122,0.15,88.849,7.7,0.888888889,11.20391292,0,,235.903,225.58,128.134,223.274,421.601,115.277,135.501,232.569
01/03/2013,0.005,544.80255,99.0788,1.8537233,0.15000001,1.96,-0.1602,232.2990383,-0.29486,225.5386604,-3.196062176,0.14,88.963,7.5,-0.146842878,-1.747952499,-0.002724557,,236.13,225.769,126.97,218.985,423.089,115.194,135.67,232.794
01/04/2013,0,544.58533,98.9658,1.9300612,0.12,1.76,-0.2026,231.794986,-0.21722,226.8083326,-2.363636892,0.15,88.983,7.6,-0.245098039,-2.901850402,0,,236.574,226.299,126.905,214.905,423.025,115.063,135.411,232.832
01/05/2013,0,544.63751,99.0567,1.7405916,0.12,1.9299999,-0.57160002,231.9159682,0.05218,233.1289195,0.57547986,0.11,89.237,7.5,0.294840295,3.5960255,-0.008054617,,236.387,226.949,126.916,214.01,422.316,115.271,135.563,232.996
01/06/2013,0.005,544.83484,99.2424,1.6865518,0.14,2.3,-0.42910001,232.3740598,0.19733,236.9999693,2.192173806,0.09,89.219,7.5,0.097991181,1.182252415,0.005643359,,236.912,227.324,126.995,215.38,424.286,115.121,135.575,233.35
01/07/2013,0,545.05621,98.9258,1.6973715,0.12,2.5799999,-0.040600002,232.8890361,0.22137,238.0955794,2.462202362,0.09,89.329,7.3,0.048947626,0.58895537,-0.02520909,,237.133,227.579,127.645,216.562,425.008,115.116,135.745,233.88
01/08/2013,0,545.24237,99.5059,1.7495198,0.13,2.74,-0.1514,233.3229861,0.18616,237.7026833,2.066927397,0.08,89.464,7.2,-0.097847358,-1.167869952,0,,237.407,227.911,127.412,217.901,427.168,115.268,135.946,234.336
01/09/2013,0,545.37469,100.0391,1.7695746,0.12,2.8099999,-0.16509999,233.6319234,0.13232,236.7416066,1.465188048,0.08,89.733,7.2,-0.146914789,-1.748801595,-0.066467918,,237.464,228.354,127.281,216.898,428.29,115.305,136.203,234.7
01/10/2013,0,545.4115,99.9203,1.7464324,0.12,2.6199999,-0.055399999,233.7179391,0.03681,234.5796655,0.40565606,0.09,90.023,7.2,-0.686611084,-7.935198468,0.018019592,,237.693,228.584,126.988,216.682,428.586,115.418,136.418,234.921
01/11/2013,0,545.5838,100.1661,1.7457658,0.12,2.72,-0.0017,234.1209823,0.1723,238.1859547,1.911712701,0.08,90.393,6.9,-0.641975309,-7.4374339,0,,237.895,229.119,127.333,217.17,428.485,115.736,136.578,235.359
01/12/2013,0.005,545.84064,100.3777,1.6749128,0.13,2.9000001,-0.14139999,234.7230715,0.25684,240.8210629,2.861802731,0.09,90.475,6.7,0.397614314,4.877111292,-0.088367566,,238.133,229.623,128.577,218.715,428.622,115.389,136.844,235.759
01/01/2014,0,546.12225,99.999,1.6258997,0.12,2.8599999,-0.32769999,235.3850067,0.28161,242.0973612,3.141697881,0.07,90.176,6.6,0.891089109,11.23301849,0.024715671,,238.417,230.52,127.882,219.287,429.989,115.525,136.997,235.961
01/02/2014,0,546.24408,100.7583,1.6177046,0.12,2.71,-0.2269,235.671951,0.12183,238.5587576,1.348323311,0.07,90.586,6.7,0.932286555,11.77928937,0,,239.247,231.084,127.279,218.525,431.137,115.537,137.034,236.185
01/03/2014,0,546.37384,101.7767,1.7100538,0.13,2.72,-0.29629999,235.9779574,0.12976,239.0577483,1.436656856,0.08,91.104,6.7,0.631988333,7.853103151,0.00947374,,240.24,232.119,127.439,217.491,432.211,115.506,137.161,236.625
01/04/2014,0,546.58258,101.8425,1.7339813,0.11,2.71,-0.39039999,236.4710523,0.20874,241.453249,2.320255514,0.09,91.253,6.2,0.628019324,7.802068436,-0.001336159,,240.995,232.014,127.475,218.989,433.26,115.708,137.381,237.072
01/05/2014,0,546.73511,102.2594,1.8230245,0.1,2.5599999,-0.4113,236.8320168,0.15253,240.4690322,1.690684703,0.09,91.451,6.3,-0.144023044,-1.714651894,0,,242.107,232.785,127.773,218.306,434.262,115.721,137.529,237.529
01/06/2014,0,546.81824,102.5986,1.8476607,0.1,2.5999999,-0.34150001,237.0289771,0.08313,239.0067039,0.918240323,0.1,91.772,6.1,0.144230769,1.744565113,-0.018113473,,242.345,233.117,127.982,218.653,435.187,115.731,137.661,237.837
01/07/2014,0,546.98474,102.8163,2.0145924,0.11,2.54,-0.35699999,237.4239591,0.1665,241.4064843,1.846823652,0.09,91.971,6.2,-0.144023044,-1.714651894,-0.022148149,,242.883,233.695,127.942,218.126,435.864,115.593,137.893,238.195
01/08/2014,0,546.914,102.6562,2.0298467,0.11,2.4200001,-0.36129999,237.2560648,-0.07074,235.582989,-0.775393551,0.09,92.596,6.1,-0.480769231,-5.619097491,0,,243.505,233.928,127.357,217.071,436.041,115.27,138.069,238.405
01/09/2014,0,547.01086,102.9776,1.994571,0.11,2.53,-0.26570001,237.4859823,0.09686,239.7962114,1.070635046,0.09,92.623,5.9,-0.289855072,-3.42334261,-0.014907892,,244.148,234.234,127.813,215.41,437.091,115.415,138.038,238.786
01/10/2014,0.01,547.01929,102.9892,1.8164309,0.1,2.3,-0.27739999,237.5060033,0.00843,237.7062959,0.092769096,0.09,93.217,5.7,-1.453488372,-16.1129219,0.024466552,,244.5,234.656,127.761,213.73,437.758,115.664,137.606,239.191
01/11/2014,0,546.85577,103.6402,1.6268063,0.13,2.3299999,-0.013,237.1179508,-0.16352,233.2686929,-1.784085573,0.09,93.454,5.8,-1.229105211,-13.79194279,0,,245.106,235,127.254,210.033,439.408,115.443,137.437,239.458
01/12/2014,-0.005,546.50598,103.6345,1.3568022,0.20999999,2.21,-0.0219,236.2899848,-0.34979,228.1522909,-3.781097075,0.12,93.713,5.6,-1.941264311,-20.9620854,-0.046046894,,245.84,235.425,126.637,204.124,441.464,115.426,137.364,239.584
01/01/2015,0,545.92151,102.8239,0.6752941,0.2,1.88,-0.20550001,234.9129688,-0.58447,221.5347544,-6.244543311,0.11,93.936,5.7,-2.538071066,-26.54522539,0.010580111,,245.764,235.735,126.129,194.852,441.351,115.532,137.608,239.811
01/02/2015,0,546.16644,102.1513,0.48134536,0.22,1.98,-0.4364,235.4890463,0.24493,241.3201461,2.727468523,0.11,94.158,5.5,-0.46875,-5.482222679,0,,246.056,236.2,125.96,197.087,441.101,115.467,137.538,240.172
01/03/2015,-0.02,546.37854,101.824,0.56458187,0.25,2.04,-0.25510001,235.9890487,0.2121,241.0418795,2.358000632,0.11,94.441,5.4,0.209314495,2.540892935,-0.091535188,,245.685,236.602,126.626,199.119,442.943,115.551,137.644,240.755
01/04/2015,0,546.46832,101.244,0.62115657,0.23,1.9400001,-0.1055,236.2010148,0.08978,238.3301195,0.992025209,0.12,94.614,5.4,-0.313315927,-3.695672901,-0.005417777,,245.615,237.086,126.39,198.636,445.822,115.665,137.82,241.346
01/05/2015,0,546.76001,100.783,0.83988011,0.23999999,2.2,-0.0515,236.8909953,0.29169,243.8912417,3.255797575,0.12,94.899,5.6,1.309586171,16.89784263,0,,245.886,237.21,125.831,202.277,446.743,115.931,137.692,241.688
01/06/2015,-0.02,546.98267,100.4781,0.98695016,0.28,2.3599999,0.084700003,237.4190445,0.22266,242.7580996,2.476710567,0.13,94.966,5.3,0.723888314,9.040991927,-0.029317545,,246.511,237.804,125.51,203.86,446.33,116.114,137.789,242.064
01/07/2015,0,547.17493,101.1052,1.1947658,0.30000001,2.3199999,0.1126,237.8759454,0.19226,242.488672,2.135307862,0.13,95.319,5.2,-0.46201232,-5.405414521,-0.008800203,,246.733,238.334,125.689,204.166,446.953,116.129,138.002,242.565
01/08/2015,0,547.14764,100.9442,1.3032358,0.38,2.1700001,0.2967,237.8110379,-0.02729,237.1628392,-0.299780726,0.14,95.554,5.1,-1.031459515,-11.6989256,0,,247.295,238.7,126.166,202.609,446.612,116.066,138.237,242.817
01/09/2015,-0.064989999,547.00287,100.6507,1.3361979,0.37,2.1700001,0.40779999,237.467008,-0.14477,234.0512625,-1.580992825,0.14,95.61,5,-1.459093278,-16.17015767,-0.04078814,,247.984,239.236,126.011,197.162,447.648,116.165,138.681,243.316
01/10/2015,0.035,547.13965,100.1871,1.4119775,0.25999999,2.0699999,0.31189999,237.7920376,0.13678,241.0644245,1.514912162,0.12,95.676,5,-0.846113168,-9.693935021,0.056220781,,248.288,239.593,125.323,196.445,450.681,116.393,138.926,243.768
01/11/2015,0,547.29132,99.4382,1.4695573,0.47999999,2.26,0.38510001,238.1529704,0.15167,241.7895116,1.681079827,0.12,95.835,5.1,-0.96,-10.93079415,0,,248.075,240.001,125.724,196.644,452.225,116.15,139.235,244.241
01/12/2015,0.02,547.16235,98.939,1.571438,0.64999998,2.24,0.55519998,237.8460225,-0.12897,234.7960685,-1.409557011,0.24,96.138,5,-1.184706516,-13.32577279,0.004575674,,247.761,240.224,126.042,194.728,452.732,116.163,139.268,244.547
01/01/2016,-0.005,547.27161,99.4558,1.5003026,0.54000002,2.0899999,0.74180001,238.1060351,0.10926,240.7202664,1.20844733,0.34,96.299,4.8,-0.490463215,-5.729360039,0.017553305,,247.967,240.673,124.999,192.648,454.194,116.237,139.445,244.955
01/02/2016,0,547.14636,98.9136,1.4055336,0.52999997,1.78,0.76950002,237.807994,-0.12525,234.8459963,-1.36915418,0.38,96.941,4.9,-0.711938664,-8.216551557,0,,248.244,241.124,125.898,188.784,456.922,116.48,139.213,245.51
01/03/2016,-0.055,547.25983,98.1907,1.4567059,0.66000003,1.89,0.42289999,238.0779878,0.11347,240.7931398,1.255275653,0.36,96.58,5,0.441257584,5.42550752,-0.041065183,,247.699,241.587,125.843,191.583,457.723,116.743,139.392,245.913
01/04/2016,-0.005,547.60785,98.4669,1.5073957,0.56,1.8099999,0.082599998,238.9079903,0.34802,247.3523997,3.89553522,0.37,96.836,5.1,0.604063701,7.494509524,-0.015456596,,247.906,242.071,125.782,194.491,459.245,117.211,139.452,246.551
01/05/2016,0,547.79773,98.2518,1.5471152,0.58999997,1.8099999,0.089100003,239.3620598,0.18988,243.9456599,2.108623317,0.37,96.995,4.8,1.14628821,14.65668994,0,,247.575,242.833,126.707,195.474,460.487,117.275,139.255,247.137
01/06/2016,-0.02,547.99805,98.7275,1.7205555,0.55000001,1.64,-0.14489999,239.8420304,0.20032,244.6895977,2.225723624,0.38,97.426,4.9,1.241230437,15.95486556,-0.007876773,,247.42,243.515,126.276,197.236,462.09,117.398,139.197,247.54
01/07/2016,-0.005,548.02136,98.836,1.7739856,0.50999999,1.5,-0.18889999,239.8979441,0.02331,240.4577266,0.256709055,0.39,97.604,4.8,0.053304904,0.641537517,-0.011930075,,247.406,244.224,125.881,194.654,464.439,117.295,139.16,247.829
01/08/2016,0,548.22583,98.7554,1.8706954,0.56999999,1.5599999,-0.184,240.3889653,0.20447,245.3491595,2.272306018,0.4,97.709,4.9,-0.586041556,-6.810195322,0,,247.479,244.911,126.148,194.205,469.02,117.192,139.28,248.423
01/09/2016,-0.005,548.48218,98.6596,1.8777266,0.58999997,1.63,-0.2368,241.0059929,0.25635,247.2551299,2.856272819,0.4,97.97,5,0.160771704,1.946411581,-0.017829262,,247.528,245.755,125.914,195.762,469.816,117.093,138.817,248.842
01/10/2016,0,548.76727,98.7322,2.0314212,0.66000003,1.76,-0.20119999,241.6940572,0.28509,248.6725779,3.181076481,0.4,97.925,4.9,-0.107009096,-1.276578418,0,,247.596,246.48,126.521,197.151,469.749,116.919,138.63,249.142
01/11/2016,0,548.97595,98.3452,2.1099567,0.74000001,2.1400001,-0.90090001,242.198951,0.20868,247.3003481,2.319581609,0.41,98.09,4.7,-0.214247456,-2.540889485,-0.004575581,,247.525,246.985,126.605,197.331,469.914,116.981,138.813,249.481
01/12/2016,0.01,549.23248,99.0314,,0.87,2.49,-0.33360001,242.8210616,0.25653,249.1217338,2.858304184,0.54,98.78,4.7,1.01986044,12.94868274,0.013507645,,247.53,247.543,126.185,199.146,470.539,116.955,138.944,249.92
,,,,,,,,,,,,,,,,,,,,,,,,,,250.467
,,,,,,,,,,,,,,,,,,,,,,,,,,250.998
,,,,,,,,,,,,,,,,,,,,,,,,,,250.944
,,,,,,,,,,,,,,,,,,,,,,,,,,251.227
,,,,,,,,,,,,,,,,,,,,,,,,,,251.43
,,,,,,,,,,,,,,,,,,,,,,,,,,251.746
,,,,,,,,,,,,,,,,,,,,,,,,,,251.985
,,,,,,,,,,,,,,,,,,,,,,,,,,252.535
,,,,,,,,,,,,,,,,,,,,,,,,,,252.812
,,,,,,,,,,,,,,,,,,,,,,,,,,253.526
,,,,,,,,,,,,,,,,,,,,,,,,,,253.816
,,,,,,,,,,,,,,,,,,,,,,,,,,254.344
,,,,,,,,,,,,,,,,,,,,,,,,,,255.204
,,,,,,,,,,,,,,,,,,,,,,,,,,255.711
,,,,,,,,,,,,,,,,,,,,,,,,,,256.271
,,,,,,,,,,,,,,,,,,,,,,,,,,256.63
,,,,,,,,,,,,,,,,,,,,,,,,,,257.145
,,,,,,,,,,,,,,,,,,,,,,,,,,257.399
,,,,,,,,,,,,,,,,,,,,,,,,,,257.699
,,,,,,,,,,,,,,,,,,,,,,,,,,257.891
,,,,,,,,,,,,,,,,,,,,,,,,,,258.368
,,,,,,,,,,,,,,,,,,,,,,,,,,258.917
,,,,,,,,,,,,,,,,,,,,,,,,,,259.439
,,,,,,,,,,,,,,,,,,,,,,,,,,260.063
,,,,,,,,,,,,,,,,,,,,,,,,,,260.766
,,,,,,,,,,,,,,,,,,,,,,,,,,261.186
,,,,,,,,,,,,,,,,,,,,,,,,,,261.567
,,,,,,,,,,,,,,,,,,,,,,,,,,261.997
,,,,,,,,,,,,,,,,,,,,,,,,,,262.217
,,,,,,,,,,,,,,,,,,,,,,,,,,262.739
,,,,,,,,,,,,,,,,,,,,,,,,,,263.28
,,,,,,,,,,,,,,,,,,,,,,,,,,263.877
,,,,,,,,,,,,,,,,,,,,,,,,,,264.388
,,,,,,,,,,,,,,,,,,,,,,,,,,264.97
,,,,,,,,,,,,,,,,,,,,,,,,,,265.548
,,,,,,,,,,,,,,,,,,,,,,,,,,266.02
,,,,,,,,,,,,,,,,,,,,,,,,,,266.698
,,,,,,,,,,,,,,,,,,,,,,,,,,267.402
,,,,,,,,,,,,,,,,,,,,,,,,,,267.068
,,,,,,,,,,,,,,,,,,,,,,,,,,265.796
,,,,,,,,,,,,,,,,,,,,,,,,,,265.461
,,,,,,,,,,,,,,,,,,,,,,,,,,265.839
,,,,,,,,,,,,,,,,,,,,,,,,,,267.373
,,,,,,,,,,,,,,,,,,,,,,,,,,268.39
,,,,,,,,,,,,,,,,,,,,,,,,,,268.9
,,,,,,,,,,,,,,,,,,,,,,,,,,269.28
,,,,,,,,,,,,,,,,,,,,,,,,,,269.967
,,,,,,,,,,,,,,,,,,,,,,,,,,270.34
,,,,,,,,,,,,,,,,,,,,,,,,,,270.422
,,,,,,,,,,,,,,,,,,,,,,,,,,270.813
,,,,,,,,,,,,,,,,,,,,,,,,,,271.461
,,,,,,,,,,,,,,,,,,,,,,,,,,273.665
,,,,,,,,,,,,,,,,,,,,,,,,,,275.494
,,,,,,,,,,,,,,,,,,,,,,,,,,277.585
,,,,,,,,,,,,,,,,,,,,,,,,,,278.612
,,,,,,,,,,,,,,,,,,,,,,,,,,278.993
,,,,,,,,,,,,,,,,,,,,,,,,,,279.71
,,,,,,,,,,,,,,,,,,,,,,,,,,281.623
,,,,,,,,,,,,,,,,,,,,,,,,,,283.393
,,,,,,,,,,,,,,,,,,,,,,,,,,285.221
,,,,,,,,,,,,,,,,,,,,,,,,,,286.811
,,,,,,,,,,,,,,,,,,,,,,,,,,288.287
,,,,,,,,,,,,,,,,,,,,,,,,,,289.041
,,,,,,,,,,,,,,,,,,,,,,,,,,290.515
,,,,,,,,,,,,,,,,,,,,,,,,,,292.072
,,,,,,,,,,,,,,,,,,,,,,,,,,293.972
,,,,,,,,,,,,,,,,,,,,,,,,,,295.055
,,,,,,,,,,,,,,,,,,,,,,,,,,296.569
,,,,,,,,,,,,,,,,,,,,,,,,,,298.284
,,,,,,,,,,,,,,,,,,,,,,,,,,299.351
,,,,,,,,,,,,,,,,,,,,,,,,,,300.292
,,,,,,,,,,,,,,,,,,,,,,,,,,301.423
,,,,,,,,,,,,,,,,,,,,,,,,,,302.709
,,,,,,,,,,,,,,,,,,,,,,,,,,304.124
,,,,,,,,,,,,,,,,,,,,,,,,,,305.112
,,,,,,,,,,,,,,,,,,,,,,,,,,306.539
,,,,,,,,,,,,,,,,,,,,,,,,,,307.646
,,,,,,,,,,,,,,,,,,,,,,,,,,308.245
,,,,,,,,,,,,,,,,,,,,,,,,,,308.945
,,,,,,,,,,,,,,,,,,,,,,,,,,309.656
,,,,,,,,,,,,,,,,,,,,,,,,,,310.644
,,,,,,,,,,,,,,,,,,,,,,,,,,311.39
,,,,,,,,,,,,,,,,,,,,,,,,,,312.349
,,,,,,,,,,,,,,,,,,,,,,,,,,313.209
,,,,,,,,,,,,,,,,,,,,,,,,,,314.438
,,,,,,,,,,,,,,,,,,,,,,,,,,315.565
,,,,,,,,,,,,,,,,,,,,,,,,,,316.698
,,,,,,,,,,,,,,,,,,,,,,,,,,317.622
